"Strain","Uptake_Reactions","Secretion_Reactions","Total_Exchanged"
"Abiotrophia_defectiva_ATCC_49176",54,13,67
"Acetanaerobacterium_elongatum_CGMCC_1_5012",45,11,56
"Acetivibrio_cellulolyticus_CD2",55,19,74
"Acidaminococcus_fermentans_DSM_20731",50,16,66
"Acidaminococcus_intestini_RyC_MR95",49,13,62
"Actinomyces_georgiae_DSM_6843",50,11,61
"Actinomyces_graevenitzii_C83",49,9,58
"Actinomyces_massiliensis_4401292",47,12,59
"Actinomyces_massiliensis_F0489",46,11,57
"Actinomyces_naeslundii_ERR2221356",47,10,57
"Actinomyces_naeslundii_str_Howell_279",47,13,60
"Actinomyces_odontolyticus_ATCC_17982",35,13,48
"Actinomyces_odontolyticus_F0309",42,13,55
"Actinomyces_oris_K20",53,10,63
"Actinomyces_oris_T14V",39,11,50
"Actinomyces_sp_ICM47",40,10,50
"Adlercreutzia_equolifaciens_DSM_19450",45,6,51
"Adlercreutzia_equolifaciens_ERR2221192",49,7,56
"Aggregatibacter_segnis_933_AAPH_107_59761_2565235",44,12,56
"Aggregatibacter_segnis_ATCC_33393",47,10,57
"Akkermansia_muciniphila_ATCC_BAA_835",36,13,49
"Akkermansia_muciniphila_YL44",43,17,60
"Alistipes_finegoldii_DSM_17242",45,12,57
"Alistipes_indistinctus_ERR2221377",42,12,54
"Alistipes_indistinctus_YIT_12060",36,12,48
"Alistipes_onderdonkii_DSM_19147",39,11,50
"Alistipes_onderdonkii_ERR1022348",37,13,50
"Alistipes_onderdonkii_ERR1022461",37,15,52
"Alistipes_onderdonkii_ERR1203947",44,12,56
"Alistipes_onderdonkii_ERR1204041",43,11,54
"Alistipes_onderdonkii_ERR2221102",38,13,51
"Alistipes_onderdonkii_ERR2230089",37,14,51
"Alistipes_onderdonkii_ERR2230093",36,14,50
"Alistipes_putredinis_DSM_17216",51,10,61
"Alistipes_shahii_ERR2221103",39,14,53
"Alistipes_shahii_ERR2221307",39,13,52
"Alistipes_shahii_ERR2221376",43,13,56
"Alistipes_shahii_WAL_8301",40,13,53
"Alloprevotella_rava_F0323",48,11,59
"Anaerococcus_vaginalis_ATCC_51170",57,16,73
"Anaerofustis_stercorihominis_DSM_17244",47,8,55
"Anaerosporobacter_mobilis_DSM_15930",46,10,56
"Anaerostipes_caccae_DSM_14662",40,9,49
"Anaerostipes_caccae_ERR1203925",38,10,48
"Anaerostipes_caccae_ERR171259",40,9,49
"Anaerostipes_caccae_ERR2221104",40,9,49
"Anaerostipes_caccae_ERR2221232",40,9,49
"Anaerostipes_hadrus_DSM_3319",47,12,59
"Anaerostipes_hadrus_ERR1022288",46,10,56
"Anaerostipes_hadrus_ERR1022326",47,11,58
"Anaerostipes_hadrus_ERR1022376",48,12,60
"Anaerostipes_hadrus_ERR1022422",45,10,55
"Anaerostipes_hadrus_ERR1022423",44,10,54
"Anaerostipes_hadrus_ERR1022473",45,9,54
"Anaerostipes_hadrus_ERR2221197",45,12,57
"Anaerostipes_hadrus_ERR2221199",47,10,57
"Anaerotruncus_colihominis_DSM_17241",44,13,57
"Anaerotruncus_colihominis_ERR1022453",50,10,60
"Anaerotruncus_colihominis_ERR171260",49,12,61
"Anaerotruncus_colihominis_ERR2221105",47,12,59
"Atopobium_parvulum_DSM_20469",52,10,62
"Atopobium_rimae_ATCC_49626",56,12,68
"Bacteroides_acidifaciens_ERR2221207",37,12,49
"Bacteroides_acidifaciens_ERR2221208",36,9,45
"Bacteroides_acidifaciens_ERR2221211",35,10,45
"Bacteroides_acidifaciens_JCM_10556",38,15,53
"Bacteroides_caccae_ATCC_43185",35,15,50
"Bacteroides_caccae_CL03T12C61",55,31,86
"Bacteroides_caccae_ERR1022396",52,14,66
"Bacteroides_caccae_ERR1022460",52,12,64
"Bacteroides_caccae_ERR2221107",53,15,68
"Bacteroides_caccae_ERR2221357",53,12,65
"Bacteroides_cellulosilyticus_CL02T12C19",46,25,71
"Bacteroides_cellulosilyticus_DSM_14838",31,11,42
"Bacteroides_cellulosilyticus_ERR1022414",56,12,68
"Bacteroides_cellulosilyticus_ERR2221108",55,14,69
"Bacteroides_cellulosilyticus_ERR2221262",53,13,66
"Bacteroides_cellulosilyticus_ERR2221326",56,14,70
"Bacteroides_cellulosilyticus_ERR2230100",53,13,66
"Bacteroides_cellulosilyticus_WH2",41,15,56
"Bacteroides_clarus_ERR2221196",40,16,56
"Bacteroides_clarus_ERR2221286",54,13,67
"Bacteroides_clarus_ERR2230074",53,14,67
"Bacteroides_clarus_YIT_12056",37,16,53
"Bacteroides_coprocola_M16_DSM_17136",31,13,44
"Bacteroides_coprophilus_DSM_18228",33,15,48
"Bacteroides_dorei_CL02T00C15",40,23,63
"Bacteroides_dorei_CL02T12C06",39,24,63
"Bacteroides_dorei_CL03T12C01",38,24,62
"Bacteroides_dorei_DSM_17855",30,14,44
"Bacteroides_dorei_ERR2221252",29,15,44
"Bacteroides_dorei_ERR2230082",29,15,44
"Bacteroides_eggerthii_1_2_48FAA",26,10,36
"Bacteroides_eggerthii_DSM_20697",28,14,42
"Bacteroides_faecis_ERR1022362",51,13,64
"Bacteroides_faecis_ERR1203949",51,12,63
"Bacteroides_faecis_ERR1204043",51,12,63
"Bacteroides_faecis_ERR2221133",48,12,60
"Bacteroides_faecis_MAJ27",44,16,60
"Bacteroides_finegoldii_DSM_17565",31,12,43
"Bacteroides_finegoldii_ERR1022298",50,16,66
"Bacteroides_finegoldii_ERR1022319",53,14,67
"Bacteroides_fluxus_YIT_12057",39,12,51
"Bacteroides_fragilis_3_1_12",36,14,50
"Bacteroides_fragilis_638R",42,14,56
"Bacteroides_fragilis_BOB25",40,23,63
"Bacteroides_fragilis_CL03T00C08",51,32,83
"Bacteroides_fragilis_CL03T12C07",51,32,83
"Bacteroides_fragilis_CL05T00C42",54,32,86
"Bacteroides_fragilis_CL05T12C13",54,32,86
"Bacteroides_fragilis_CL07T00C01",51,29,80
"Bacteroides_fragilis_CL07T12C05",50,29,79
"Bacteroides_fragilis_ERR1022457",46,18,64
"Bacteroides_fragilis_ERR1203962",41,20,61
"Bacteroides_fragilis_ERR1204056",41,25,66
"Bacteroides_fragilis_ERR2221134",39,20,59
"Bacteroides_fragilis_ERR2221268",40,19,59
"Bacteroides_fragilis_ERR2221298",42,21,63
"Bacteroides_fragilis_ERR2230126",41,20,61
"Bacteroides_fragilis_ERR2230137",42,20,62
"Bacteroides_fragilis_HMW_610",47,30,77
"Bacteroides_fragilis_HMW_615",47,28,75
"Bacteroides_fragilis_HMW_616",47,31,78
"Bacteroides_fragilis_NCTC_9343",43,17,60
"Bacteroides_fragilis_YCH46",43,17,60
"Bacteroides_fragilis_str_3397_T10",48,22,70
"Bacteroides_fragilis_str_3986_T_B_9",42,20,62
"Bacteroides_fragilis_str_DS_208",41,19,60
"Bacteroides_intestinalis_341_DSM_17393",31,11,42
"Bacteroides_intestinalis_KLE1704",56,14,70
"Bacteroides_massiliensis_B84634",41,17,58
"Bacteroides_nordii_CL02T12C05",42,12,54
"Bacteroides_nordii_ERR2221135",53,14,67
"Bacteroides_ovatus_3_8_47FAA",47,35,82
"Bacteroides_ovatus_ATCC_8483",36,16,52
"Bacteroides_ovatus_CL02T12C04",48,33,81
"Bacteroides_ovatus_CL03T12C18",51,36,87
"Bacteroides_ovatus_ERR1203959",39,18,57
"Bacteroides_ovatus_ERR1204053",40,19,59
"Bacteroides_ovatus_ERR2221136",38,19,57
"Bacteroides_ovatus_ERR2230063",47,20,67
"Bacteroides_ovatus_SD_CC_2a",37,15,52
"Bacteroides_ovatus_SD_CMC_3f",36,18,54
"Bacteroides_pectinophilus_ATCC_43243",48,14,62
"Bacteroides_plebeius_M12_DSM_17135",33,14,47
"Bacteroides_rodentium_JCM_16496",35,12,47
"Bacteroides_salyersiae_CL02T12C01",44,26,70
"Bacteroides_salyersiae_ERR1022329",54,13,67
"Bacteroides_salyersiae_WAL_10018",38,13,51
"Bacteroides_stercoris_ATCC_43183",27,14,41
"Bacteroides_stercoris_CC31F",39,25,64
"Bacteroides_stercoris_ERR1203945",52,18,70
"Bacteroides_stercoris_ERR1204039",52,17,69
"Bacteroides_stercoris_ERR2230062",53,19,72
"Bacteroides_stercoris_ERR2230094",54,16,70
"Bacteroides_stercoris_ERR2230103",53,18,71
"Bacteroides_stercoris_ERR2230124",52,18,70
"Bacteroides_stercoris_ERR2230142",54,20,74
"Bacteroides_stercoris_ERR2230162",51,17,68
"Bacteroides_thetaiotaomicron_3731",44,21,65
"Bacteroides_thetaiotaomicron_7330",38,14,52
"Bacteroides_thetaiotaomicron_CL09T03C10",51,22,73
"Bacteroides_thetaiotaomicron_ERR1022331",36,18,54
"Bacteroides_thetaiotaomicron_ERR1022413",36,13,49
"Bacteroides_thetaiotaomicron_ERR1022459",45,13,58
"Bacteroides_thetaiotaomicron_ERR2221264",36,19,55
"Bacteroides_thetaiotaomicron_ERR2221274",37,19,56
"Bacteroides_thetaiotaomicron_ERR2221312",45,18,63
"Bacteroides_thetaiotaomicron_ERR2230081",36,19,55
"Bacteroides_thetaiotaomicron_VPI_5482",41,16,57
"Bacteroides_thetaiotaomicron_dnLKV9",44,27,71
"Bacteroides_uniformis_ATCC_8492",32,12,44
"Bacteroides_uniformis_CL03T00C23",47,29,76
"Bacteroides_uniformis_CL03T12C37",47,29,76
"Bacteroides_uniformis_ERR1022271",57,16,73
"Bacteroides_uniformis_ERR1022322",57,16,73
"Bacteroides_uniformis_ERR1022360",54,17,71
"Bacteroides_uniformis_ERR1022363",59,16,75
"Bacteroides_uniformis_ERR1022412",53,15,68
"Bacteroides_uniformis_ERR1203944",54,16,70
"Bacteroides_uniformis_ERR1204038",56,17,73
"Bacteroides_uniformis_ERR2221138",54,14,68
"Bacteroides_uniformis_ERR2221253",43,14,57
"Bacteroides_uniformis_ERR2221261",43,15,58
"Bacteroides_uniformis_ERR2221281",56,16,72
"Bacteroides_uniformis_ERR2230106",45,12,57
"Bacteroides_uniformis_ERR2230119",43,14,57
"Bacteroides_uniformis_ERR2230138",44,13,57
"Bacteroides_uniformis_ERR2230139",44,15,59
"Bacteroides_uniformis_ERR2230141",43,16,59
"Bacteroides_uniformis_ERR2230143",44,14,58
"Bacteroides_uniformis_ERR2230159",44,15,59
"Bacteroides_uniformis_ERR2230160",45,12,57
"Bacteroides_uniformis_dnLKV2",45,32,77
"Bacteroides_uniformis_str_3978_T3_i",56,25,81
"Bacteroides_vulgatus_ATCC_8482",45,15,60
"Bacteroides_vulgatus_CL09T03C04",44,26,70
"Bacteroides_vulgatus_ERR1022358",34,17,51
"Bacteroides_vulgatus_ERR1022411",40,18,58
"Bacteroides_vulgatus_ERR1022458",35,15,50
"Bacteroides_vulgatus_ERR1203951",37,16,53
"Bacteroides_vulgatus_ERR1204045",35,13,48
"Bacteroides_vulgatus_ERR2221206",34,18,52
"Bacteroides_vulgatus_ERR2221254",33,19,52
"Bacteroides_vulgatus_ERR2221256",33,22,55
"Bacteroides_vulgatus_ERR2221259",33,19,52
"Bacteroides_vulgatus_ERR2221267",32,18,50
"Bacteroides_vulgatus_ERR2221272",33,16,49
"Bacteroides_vulgatus_ERR2221273",34,18,52
"Bacteroides_vulgatus_ERR2221276",36,17,53
"Bacteroides_vulgatus_ERR2230079",32,16,48
"Bacteroides_vulgatus_ERR2230086",30,16,46
"Bacteroides_vulgatus_ERR2230091",35,15,50
"Bacteroides_vulgatus_ERR2230095",34,17,51
"Bacteroides_vulgatus_ERR2230128",33,19,52
"Bacteroides_vulgatus_ERR2230134",33,18,51
"Bacteroides_vulgatus_ERR2230150",34,17,51
"Bacteroides_vulgatus_PC510",47,27,74
"Bacteroides_vulgatus_dnLKV7",45,27,72
"Bacteroides_vulgatus_mpk",34,17,51
"Bacteroides_xylanisolvens_CL03T12C04",43,27,70
"Bacteroides_xylanisolvens_ERR1022297",46,18,64
"Bacteroides_xylanisolvens_ERR2221139",41,18,59
"Bacteroides_xylanisolvens_ERR2221366",37,16,53
"Bacteroides_xylanisolvens_ERR2230096",36,12,48
"Bacteroides_xylanisolvens_ERR2230097",36,12,48
"Bacteroides_xylanisolvens_SD_CC_1b",37,14,51
"Bacteroides_xylanisolvens_XB1A",38,14,52
"Barnesiella_intestinihominis_ERR1203957",39,15,54
"Barnesiella_intestinihominis_ERR1204051",40,16,56
"Barnesiella_intestinihominis_ERR2221140",40,17,57
"Barnesiella_intestinihominis_ERR2230085",40,15,55
"Barnesiella_intestinihominis_YIT_11860",40,10,50
"Bifidobacterium_adolescentis_ATCC_15703",45,12,57
"Bifidobacterium_adolescentis_BBMN23",48,11,59
"Bifidobacterium_adolescentis_DSM_20087",53,16,69
"Bifidobacterium_adolescentis_ERR1022283",48,11,59
"Bifidobacterium_adolescentis_ERR1022320",48,11,59
"Bifidobacterium_adolescentis_ERR1022366",48,11,59
"Bifidobacterium_adolescentis_ERR1203960",48,11,59
"Bifidobacterium_adolescentis_ERR2221193",48,12,60
"Bifidobacterium_adolescentis_ERR2221322",48,11,59
"Bifidobacterium_adolescentis_ERR2230053",51,13,64
"Bifidobacterium_adolescentis_ERR2230077",48,11,59
"Bifidobacterium_adolescentis_ERR2230153",48,11,59
"Bifidobacterium_adolescentis_L2_32",54,20,74
"Bifidobacterium_angulatum_DSM_20098",42,11,53
"Bifidobacterium_angulatum_GT102",44,12,56
"Bifidobacterium_animalis_ERR2221337",44,11,55
"Bifidobacterium_animalis_ERR2221385",45,11,56
"Bifidobacterium_animalis_RH",50,10,60
"Bifidobacterium_animalis_lactis_AD011",38,9,47
"Bifidobacterium_animalis_lactis_BB_12",44,13,57
"Bifidobacterium_animalis_lactis_Bi_07",43,13,56
"Bifidobacterium_animalis_lactis_Bl_04_ATCC_SD5219",46,12,58
"Bifidobacterium_animalis_lactis_CNCM_I_2494",46,11,57
"Bifidobacterium_animalis_lactis_DSM_10140",46,12,58
"Bifidobacterium_animalis_lactis_V9",46,10,56
"Bifidobacterium_animalis_subsp_animalis_ATCC_25527",49,16,65
"Bifidobacterium_animalis_subsp_animalis_ATCC_27672",44,10,54
"Bifidobacterium_animalis_subsp_animalis_YL2",51,9,60
"Bifidobacterium_animalis_subsp_lactis_B420",47,18,65
"Bifidobacterium_animalis_subsp_lactis_BLC1",48,18,66
"Bifidobacterium_animalis_subsp_lactis_BS_01",48,18,66
"Bifidobacterium_animalis_subsp_lactis_HN019",47,18,65
"Bifidobacterium_bifidum_156B",47,15,62
"Bifidobacterium_bifidum_ATCC_29521",50,17,67
"Bifidobacterium_bifidum_BGN4",50,16,66
"Bifidobacterium_bifidum_ERR1022335",46,15,61
"Bifidobacterium_bifidum_LMG_13195",60,30,90
"Bifidobacterium_bifidum_NCIMB_41171",43,11,54
"Bifidobacterium_bifidum_PRL2010",49,15,64
"Bifidobacterium_bifidum_S17",52,15,67
"Bifidobacterium_breve_12L",53,17,70
"Bifidobacterium_breve_2L",53,17,70
"Bifidobacterium_breve_689b",53,17,70
"Bifidobacterium_breve_ACS_071_V_Sch8b",53,19,72
"Bifidobacterium_breve_CECT_7263",50,20,70
"Bifidobacterium_breve_DPC_6330",52,19,71
"Bifidobacterium_breve_DSM_20213",53,21,74
"Bifidobacterium_breve_ERR2230051",50,14,64
"Bifidobacterium_breve_HPH0326",50,15,65
"Bifidobacterium_breve_JCM_7017",52,17,69
"Bifidobacterium_breve_JCM_7019",52,19,71
"Bifidobacterium_breve_MCC_0121",53,17,70
"Bifidobacterium_breve_MCC_0305",54,18,72
"Bifidobacterium_breve_MCC_0476",53,17,70
"Bifidobacterium_breve_MCC_1094",52,17,69
"Bifidobacterium_breve_MCC_1114",54,17,71
"Bifidobacterium_breve_MCC_1128",52,17,69
"Bifidobacterium_breve_MCC_1340",51,19,70
"Bifidobacterium_breve_MCC_1454",53,18,71
"Bifidobacterium_breve_MCC_1604",52,17,69
"Bifidobacterium_breve_MCC_1605",54,18,72
"Bifidobacterium_breve_NCFB_2258",53,17,70
"Bifidobacterium_breve_UCC2003_NCIMB8807",50,14,64
"Bifidobacterium_catenulatum_DSM_16992",40,11,51
"Bifidobacterium_dentium_ATCC_27678",52,15,67
"Bifidobacterium_dentium_ATCC_27679",52,21,73
"Bifidobacterium_dentium_Bd1",56,21,77
"Bifidobacterium_dentium_JCM_1195_DSM_20436",52,14,66
"Bifidobacterium_dentium_JCVIHMP022",49,14,63
"Bifidobacterium_longum_BG7",46,13,59
"Bifidobacterium_longum_BXY01",46,13,59
"Bifidobacterium_longum_DJO10A",50,16,66
"Bifidobacterium_longum_E18",47,15,62
"Bifidobacterium_longum_ERR2221141",51,13,64
"Bifidobacterium_longum_ERR2221351",51,14,65
"Bifidobacterium_longum_ERR2221409",51,14,65
"Bifidobacterium_longum_ERR2230052",51,15,66
"Bifidobacterium_longum_ERR2230120",52,13,65
"Bifidobacterium_longum_ERR2230133",51,14,65
"Bifidobacterium_longum_ERR2230158",51,14,65
"Bifidobacterium_longum_NCC2705",44,12,56
"Bifidobacterium_longum_infantis_157F_NC",45,16,61
"Bifidobacterium_longum_infantis_ATCC_15697",41,12,53
"Bifidobacterium_longum_longum_ATCC_55813",44,12,56
"Bifidobacterium_longum_longum_BBMN68",48,12,60
"Bifidobacterium_longum_longum_CCUG_52486",50,17,67
"Bifidobacterium_longum_longum_JCM_1217",48,18,66
"Bifidobacterium_longum_longum_JDM301",48,15,63
"Bifidobacterium_longum_subsp_infantis_BT1",48,14,62
"Bifidobacterium_longum_subsp_longum_1_6B",54,16,70
"Bifidobacterium_longum_subsp_longum_2_2B",50,10,60
"Bifidobacterium_longum_subsp_longum_35B",53,13,66
"Bifidobacterium_longum_subsp_longum_44B",53,22,75
"Bifidobacterium_longum_subsp_longum_CMCC_P0001",49,14,63
"Bifidobacterium_longum_subsp_longum_F8",54,17,71
"Bifidobacterium_longum_subsp_longum_KACC_91563",56,19,75
"Bifidobacterium_longum_subsp_longum_NCIMB8809",44,14,58
"Bifidobacterium_pseudocatenulatum_DSM_20438",36,11,47
"Bifidobacterium_pseudocatenulatum_ERR1022356",48,11,59
"Bifidobacterium_pseudocatenulatum_ERR1203976",48,11,59
"Bifidobacterium_pseudocatenulatum_ERR1204070",49,11,60
"Bifidobacterium_pseudocatenulatum_ERR2221142",48,11,59
"Bifidobacterium_pseudocatenulatum_IPLA36007",46,14,60
"Bifidobacterium_ruminantium_DSM_6489",49,11,60
"Bilophila_wadsworthia_3_1_6",36,10,46
"Bilophila_wadsworthia_ATCC_49260",48,16,64
"Blautia_faecis_ERR2221099",49,10,59
"Blautia_hansenii_VPI_C7_24_DSM_20583",39,10,49
"Blautia_hydrogenotrophica_DSM_10507",39,13,52
"Blautia_hydrogenotrophica_ERR1022315",44,10,54
"Blautia_luti_DSM_14534",49,12,61
"Blautia_luti_ERR1022337",45,9,54
"Blautia_luti_ERR1022379",44,8,52
"Blautia_luti_ERR1022471",45,11,56
"Blautia_luti_ERR1203942",47,11,58
"Blautia_luti_ERR2221098",44,11,55
"Blautia_producta_DSM_2950",44,13,57
"Blautia_producta_ERR171261",44,11,55
"Blautia_producta_ERR2221380",49,11,60
"Blautia_wexlerae_AGR2146",46,12,58
"Blautia_wexlerae_DSM_19850",51,10,61
"Blautia_wexlerae_ERR1022296",45,11,56
"Blautia_wexlerae_ERR1022377",44,11,55
"Blautia_wexlerae_ERR1022425",47,12,59
"Blautia_wexlerae_ERR1204036",46,11,57
"Blautia_wexlerae_ERR2230049",49,11,60
"Butyricicoccus_pullicaecorum_1_2",48,12,60
"Butyricimonas_synergistica_DSM_23225",42,14,56
"Butyricimonas_virosa_DSM_23226",41,12,53
"Butyricimonas_virosa_ERR2221144",39,13,52
"Butyrivibrio_crossotus_DSM_2876",36,9,45
"Butyrivibrio_fibrisolvens_16_4",40,8,48
"Campylobacter_concisus_13826",45,6,51
"Campylobacter_concisus_UNSWCD",41,8,49
"Campylobacter_hominis_ATCC_BAA_381",35,5,40
"Catabacter_hongkongensis_HKU16",46,10,56
"Catenibacterium_mitsuokai_DSM_15897",38,8,46
"Catenibacterium_mitsuokai_ERR1022284",43,12,55
"Catenibacterium_mitsuokai_ERR2221198",46,10,56
"Cetobacterium_somerae_ATCC_BAA_47401",53,16,69
"Christensenella_minuta_DSM_22607",48,13,61
"Citrobacter_freundii_4_7_47CFAA",44,20,64
"Citrobacter_freundii_ATCC_8090",51,16,67
"Citrobacter_freundii_ERR2221339",48,18,66
"Citrobacter_freundii_FDAARGOS_61",49,18,67
"Citrobacter_freundii_FDAARGOS_73",47,20,67
"Citrobacter_freundii_GTC_09479",52,18,70
"Citrobacter_freundii_GTC_09629",48,22,70
"Citrobacter_freundii_UCI_31",50,15,65
"Citrobacter_freundii_str_ballerup_7851_39",49,20,69
"Cloacibacillus_evryensis_DSM_19522",45,11,56
"Clostridium_asparagiforme_DSM_15981",51,13,64
"Clostridium_bartlettii_DSM_16795",42,14,56
"Clostridium_bifermentans_ATCC_19299",52,18,70
"Clostridium_bolteae_90A5",47,14,61
"Clostridium_bolteae_90A9",43,14,57
"Clostridium_bolteae_90B3",43,15,58
"Clostridium_bolteae_90B7",44,16,60
"Clostridium_bolteae_90B8",44,12,56
"Clostridium_bolteae_ATCC_BAA_613",41,10,51
"Clostridium_bolteae_WAL_14578",49,13,62
"Clostridium_butyricum_5521",48,15,63
"Clostridium_butyricum_60E_3",53,19,72
"Clostridium_butyricum_DKU_01",52,13,65
"Clostridium_butyricum_DSM_10702",48,17,65
"Clostridium_butyricum_E4_str_BoNT_E_BL5262",51,23,74
"Clostridium_cadaveris_AGR2141",51,20,71
"Clostridium_citroniae_WAL_17108",53,22,75
"Clostridium_clostridioforme_2_1_49FAA",51,14,65
"Clostridium_clostridioforme_90A1",55,9,64
"Clostridium_clostridioforme_90A3",48,9,57
"Clostridium_clostridioforme_90A4",55,10,65
"Clostridium_clostridioforme_90A6",51,12,63
"Clostridium_clostridioforme_90A7",47,12,59
"Clostridium_clostridioforme_90A8",52,15,67
"Clostridium_clostridioforme_90B1",50,10,60
"Clostridium_clostridioforme_CM201",55,21,76
"Clostridium_clostridioforme_YL32",45,10,55
"Clostridium_glycolicum_ATCC_14880",54,15,69
"Clostridium_hathewayi_12489931",56,20,76
"Clostridium_hathewayi_DSM_13479",44,16,60
"Clostridium_hathewayi_WAL_18680",48,11,59
"Clostridium_hiranonis_TO_931_DSM_13275",40,14,54
"Clostridium_hylemonae_DSM_15053",35,12,47
"Clostridium_innocuum_2959",50,16,66
"Clostridium_innocuum_I46",44,11,55
"Clostridium_leptum_DSM_753",38,10,48
"Clostridium_methylpentosum_R2_DSM_5476",33,9,42
"Clostridium_nexile_DSM_1787",39,11,50
"Clostridium_paraputrificum_AGR2156",53,16,69
"Clostridium_paraputrificum_ERR1022469",45,16,61
"Clostridium_perfringens_ATCC_13124",59,23,82
"Clostridium_perfringens_B_str_ATCC_3626",51,23,74
"Clostridium_perfringens_CPE_str_F4969",50,21,71
"Clostridium_perfringens_C_str_JGS1495",52,19,71
"Clostridium_perfringens_D_str_JGS1721",46,25,71
"Clostridium_perfringens_E_str_JGS1987",54,28,82
"Clostridium_perfringens_F262",45,24,69
"Clostridium_perfringens_NCTC_8239",46,24,70
"Clostridium_perfringens_SM101",59,25,84
"Clostridium_perfringens_WAL_14572",44,20,64
"Clostridium_perfringens_str_13",47,24,71
"Clostridium_ramosum_VPI_0427_DSM_1402",36,11,47
"Clostridium_saccharogumia_DSM_17460",47,12,59
"Clostridium_sartagoforme_AAU1",54,21,75
"Clostridium_scindens_ATCC_35704",36,9,45
"Clostridium_spiroforme_DSM_1552",37,7,44
"Clostridium_sporosphaeroides_DSM_1294",53,17,70
"Clostridium_symbiosum_ATCC_14940",52,19,71
"Clostridium_symbiosum_WAL_14163",39,13,52
"Clostridium_symbiosum_WAL_14673",42,16,58
"Clostridium_tertium_Gcol_A43_Gcol_A43_1",50,12,62
"Clostridium_viride_DSM_6836",43,13,56
"Collinsella_aerofaciens_ATCC_25986",40,11,51
"Collinsella_aerofaciens_ERR1022282",50,14,64
"Collinsella_aerofaciens_ERR1022300",47,14,61
"Collinsella_aerofaciens_ERR1022416",47,14,61
"Collinsella_aerofaciens_ERR1203940",48,13,61
"Collinsella_aerofaciens_ERR1204034",48,13,61
"Collinsella_aerofaciens_ERR2221153",48,13,61
"Collinsella_aerofaciens_ERR2230078",48,13,61
"Collinsella_aerofaciens_ERR2230087",47,13,60
"Collinsella_aerofaciens_ERR2230090",48,14,62
"Collinsella_aerofaciens_ERR2230102",48,13,61
"Collinsella_aerofaciens_ERR2230112",48,13,61
"Collinsella_aerofaciens_ERR2230122",47,13,60
"Collinsella_aerofaciens_ERR2230127",48,13,61
"Collinsella_aerofaciens_ERR2230140",47,13,60
"Collinsella_aerofaciens_ERR2230145",48,14,62
"Collinsella_aerofaciens_ERR2230147",47,13,60
"Collinsella_aerofaciens_ERR2230156",48,13,61
"Collinsella_intestinalis_DSM_13280",40,13,53
"Collinsella_massiliensis_An5",48,9,57
"Collinsella_stercoris_DSM_13279",43,13,56
"Collinsella_tanakaei_YIT_12063",56,24,80
"Coprobacillus_cateniformis_D6",41,10,51
"Coprobacter_fastidiosus_NSB1",41,11,52
"Coprococcus_catus_ERR2221258",41,13,54
"Coprococcus_catus_GD_7",51,18,69
"Coprococcus_comes_ATCC_27758",34,13,47
"Coprococcus_comes_ERR1022290",45,16,61
"Coprococcus_comes_ERR1022354",44,16,60
"Coprococcus_comes_ERR1022382",44,16,60
"Coprococcus_comes_ERR1022427",45,16,61
"Coprococcus_comes_ERR1022476",45,16,61
"Coprococcus_comes_ERR1204042",44,17,61
"Coprococcus_eutactus_ATCC_27759",36,12,48
"Coprococcus_eutactus_ERR1022287",41,12,53
"Coprococcus_eutactus_ERR1022301",40,12,52
"Coprococcus_eutactus_ERR1022346",40,12,52
"Coprococcus_eutactus_ERR1022477",39,11,50
"Coprococcus_eutactus_ERR1203946",38,13,51
"Coprococcus_eutactus_ERR1204040",40,12,52
"Coprococcus_eutactus_ERR2221154",40,11,51
"Corynebacterium_durum_F0235",47,9,56
"Cronobacter_sakazakii_2151",48,14,62
"Cronobacter_sakazakii_680",53,12,65
"Cronobacter_sakazakii_696",51,13,64
"Cronobacter_sakazakii_701",48,11,59
"Cronobacter_sakazakii_ATCC_BAA_894",49,12,61
"Cronobacter_sakazakii_E764",51,13,64
"Cronobacter_sakazakii_ES15",53,14,67
"Cronobacter_sakazakii_ES35",48,15,63
"Cronobacter_sakazakii_ES713",49,14,63
"Cronobacter_sakazakii_SP291",48,15,63
"Desulfovibrio_desulfuricans_subsp_aestuarii_DSM_17919_ATCC_29578",51,21,72
"Desulfovibrio_desulfuricans_subsp_desulfuricans_DSM_642",40,11,51
"Desulfovibrio_desulfuricans_subsp_desulfuricans_str_ATCC_27774",47,12,59
"Desulfovibrio_desulfuricans_subsp_desulfuricans_str_G20",52,19,71
"Desulfovibrio_piger_ATCC_29098",38,6,44
"Dialister_invisus_DSM_15470",48,12,60
"Dialister_micraerophilus_DSM_19965",47,9,56
"Dialister_pneumosintes_F0677",46,11,57
"Dialister_succinatiphilus_YIT_11850",49,11,60
"Dorea_formicigenerans_4_6_53AFAA",44,12,56
"Dorea_formicigenerans_ATCC_27755",49,14,63
"Dorea_formicigenerans_ERR1022384",46,12,58
"Dorea_formicigenerans_ERR1203975",43,10,53
"Dorea_formicigenerans_ERR1204069",45,12,57
"Dorea_formicigenerans_ERR2221255",46,13,59
"Dorea_formicigenerans_ERR2221257",47,11,58
"Dorea_formicigenerans_ERR2221275",47,11,58
"Dorea_formicigenerans_ERR2230157",46,13,59
"Dorea_longicatena_DSM_13814",34,12,46
"Dorea_longicatena_ERR1022309",44,11,55
"Dorea_longicatena_ERR1022324",43,11,54
"Dorea_longicatena_ERR1022383",51,10,61
"Dorea_longicatena_ERR1022428",42,11,53
"Dorea_longicatena_ERR1022475",45,12,57
"Dorea_longicatena_ERR1203969",45,12,57
"Dorea_longicatena_ERR1204063",43,11,54
"Dorea_longicatena_ERR2221186",41,10,51
"Dorea_longicatena_ERR2221271",45,14,59
"Dorea_longicatena_ERR2230069",44,12,56
"Eggerthella_lenta_1160AFAA",47,9,56
"Eggerthella_lenta_11C",48,10,58
"Eggerthella_lenta_1356FAA",46,8,54
"Eggerthella_lenta_14A",47,9,56
"Eggerthella_lenta_16A",47,9,56
"Eggerthella_lenta_19C",47,9,56
"Eggerthella_lenta_22C",47,9,56
"Eggerthella_lenta_28B",48,9,57
"Eggerthella_lenta_326I6NA",49,11,60
"Eggerthella_lenta_A2",47,10,57
"Eggerthella_lenta_AB12n2",48,11,59
"Eggerthella_lenta_AB8n2",48,11,59
"Eggerthella_lenta_AN51LG",47,8,55
"Eggerthella_lenta_C592",47,9,56
"Eggerthella_lenta_CC75D52",47,9,56
"Eggerthella_lenta_CC82BHI2",47,9,56
"Eggerthella_lenta_CC86D54",47,10,57
"Eggerthella_lenta_DSM_11767",49,11,60
"Eggerthella_lenta_DSM_11863",48,12,60
"Eggerthella_lenta_DSM_15644",48,9,57
"Eggerthella_lenta_DSM_2243",53,6,59
"Eggerthella_lenta_HGA1",46,12,58
"Eggerthella_lenta_MR1n12",48,9,57
"Eggerthella_lenta_RC46F",46,9,55
"Eggerthella_lenta_Valencia",47,9,56
"Eggerthella_lenta_W1BHI6",46,9,55
"Eggerthella_sinensis_DSM_16107",47,13,60
"Eisenbergiella_tayi_ERR1022439",49,10,59
"Enorma_massiliensis_ERR1022365",47,12,59
"Enorma_massiliensis_phI",48,10,58
"Enterobacter_aerogenes_EA1509E",44,14,58
"Enterobacter_aerogenes_ERR2221162",50,10,60
"Enterobacter_aerogenes_FGI35",47,20,67
"Enterobacter_aerogenes_KCTC_2190",44,16,60
"Enterobacter_cloacae_ERR2221114",49,14,63
"Enterobacter_cloacae_ERR2221117",53,13,66
"Enterobacter_cloacae_ERR2221156",50,14,64
"Enterobacter_cloacae_ERR2221157",51,16,67
"Enterobacter_cloacae_ERR2221194",51,13,64
"Enterobacter_cloacae_EcWSU1",51,22,73
"Enterobacter_cloacae_GGT036",47,14,61
"Enterobacter_cloacae_subsp_cloacae_08XA1",48,20,68
"Enterobacter_cloacae_subsp_cloacae_ATCC_13047",49,20,69
"Enterobacter_cloacae_subsp_cloacae_ENHKU01",48,20,68
"Enterobacter_cloacae_subsp_cloacae_GS1",58,28,86
"Enterobacter_cloacae_subsp_dissolvens_SDM",47,19,66
"Enterobacter_hormaechei_ATCC_49162",47,16,63
"Enterobacter_hormaechei_FDAARGOS_68",50,11,61
"Enterobacter_hormaechei_YT2",57,19,76
"Enterobacter_hormaechei_YT3",48,18,66
"Enterococcus_faecalis_12030",51,24,75
"Enterococcus_faecalis_12107",54,23,77
"Enterococcus_faecalis_1448E03",55,21,76
"Enterococcus_faecalis_182970",54,21,75
"Enterococcus_faecalis_19116",54,21,75
"Enterococcus_faecalis_2630V05",54,21,75
"Enterococcus_faecalis_2924",54,21,75
"Enterococcus_faecalis_5952",54,23,77
"Enterococcus_faecalis_599",47,12,59
"Enterococcus_faecalis_599951",53,24,77
"Enterococcus_faecalis_62",55,23,78
"Enterococcus_faecalis_7330082_2",54,23,77
"Enterococcus_faecalis_7330112_3",54,21,75
"Enterococcus_faecalis_7330245_2",52,18,70
"Enterococcus_faecalis_7330257_1",52,20,72
"Enterococcus_faecalis_7330259_5",54,21,75
"Enterococcus_faecalis_7330948_5",53,20,73
"Enterococcus_faecalis_7430275_3",53,22,75
"Enterococcus_faecalis_7430315_3",51,18,69
"Enterococcus_faecalis_7430416_3",53,20,73
"Enterococcus_faecalis_7430821_4",52,22,74
"Enterococcus_faecalis_79_3",52,24,76
"Enterococcus_faecalis_AR01_DG",54,22,76
"Enterococcus_faecalis_ATCC_10100",47,14,61
"Enterococcus_faecalis_ATCC_19433",49,19,68
"Enterococcus_faecalis_ATCC_27275",50,15,65
"Enterococcus_faecalis_ATCC_27959",48,12,60
"Enterococcus_faecalis_ATCC_29200",47,11,58
"Enterococcus_faecalis_ATCC_29212",46,12,58
"Enterococcus_faecalis_ATCC_35038",48,14,62
"Enterococcus_faecalis_ATCC_4200",49,13,62
"Enterococcus_faecalis_ATCC_6055",47,14,61
"Enterococcus_faecalis_A_2_1",53,23,76
"Enterococcus_faecalis_A_3_1",54,23,77
"Enterococcus_faecalis_B1005",53,23,76
"Enterococcus_faecalis_B1138",54,24,78
"Enterococcus_faecalis_B1249",54,23,77
"Enterococcus_faecalis_B1290",53,23,76
"Enterococcus_faecalis_B1327",53,23,76
"Enterococcus_faecalis_B1376",54,24,78
"Enterococcus_faecalis_B1385",53,23,76
"Enterococcus_faecalis_B1441",54,23,77
"Enterococcus_faecalis_B1505",54,24,78
"Enterococcus_faecalis_B1532",54,24,78
"Enterococcus_faecalis_B15725",54,24,78
"Enterococcus_faecalis_B1586",54,24,78
"Enterococcus_faecalis_B1618",54,24,78
"Enterococcus_faecalis_B1623",53,23,76
"Enterococcus_faecalis_B16457",54,21,75
"Enterococcus_faecalis_B1678",52,18,70
"Enterococcus_faecalis_B1696",53,24,77
"Enterococcus_faecalis_B1719",53,23,76
"Enterococcus_faecalis_B1734",53,23,76
"Enterococcus_faecalis_B1843",53,23,76
"Enterococcus_faecalis_B1851",53,23,76
"Enterococcus_faecalis_B1874",54,23,77
"Enterococcus_faecalis_B1921",54,23,77
"Enterococcus_faecalis_B1933",54,24,78
"Enterococcus_faecalis_B2202",53,23,76
"Enterococcus_faecalis_B2207",55,23,78
"Enterococcus_faecalis_B2211",53,23,76
"Enterococcus_faecalis_B2255",54,23,77
"Enterococcus_faecalis_B2277",53,23,76
"Enterococcus_faecalis_B2391",53,23,76
"Enterococcus_faecalis_B2488",54,24,78
"Enterococcus_faecalis_B2535",53,23,76
"Enterococcus_faecalis_B2557",53,23,76
"Enterococcus_faecalis_B2593",54,24,78
"Enterococcus_faecalis_B2670",54,23,77
"Enterococcus_faecalis_B2685",54,24,78
"Enterococcus_faecalis_B2687",54,23,77
"Enterococcus_faecalis_B2802",54,24,78
"Enterococcus_faecalis_B2864",53,23,76
"Enterococcus_faecalis_B2867",54,24,78
"Enterococcus_faecalis_B2949",55,24,79
"Enterococcus_faecalis_B3031",53,23,76
"Enterococcus_faecalis_B3042",54,23,77
"Enterococcus_faecalis_B3053",54,24,78
"Enterococcus_faecalis_B3119",54,24,78
"Enterococcus_faecalis_B3126",54,24,78
"Enterococcus_faecalis_B3196",54,24,78
"Enterococcus_faecalis_B3286",53,23,76
"Enterococcus_faecalis_B3336",54,24,78
"Enterococcus_faecalis_B4008",54,23,77
"Enterococcus_faecalis_B4018",53,24,77
"Enterococcus_faecalis_B4148",53,23,76
"Enterococcus_faecalis_B4163",53,23,76
"Enterococcus_faecalis_B4259",53,23,76
"Enterococcus_faecalis_B4267",54,24,78
"Enterococcus_faecalis_B4270",53,23,76
"Enterococcus_faecalis_B4411",54,24,78
"Enterococcus_faecalis_B4568",54,24,78
"Enterococcus_faecalis_B4638",53,23,76
"Enterococcus_faecalis_B4672",54,24,78
"Enterococcus_faecalis_B4674",53,23,76
"Enterococcus_faecalis_B4969",53,23,76
"Enterococcus_faecalis_B5035",53,23,76
"Enterococcus_faecalis_B5076",54,23,77
"Enterococcus_faecalis_B56765",56,23,79
"Enterococcus_faecalis_B594",54,24,78
"Enterococcus_faecalis_B653",53,21,74
"Enterococcus_faecalis_B69486",54,23,77
"Enterococcus_faecalis_B84847",52,21,73
"Enterococcus_faecalis_B878",54,24,78
"Enterococcus_faecalis_B939",54,24,78
"Enterococcus_faecalis_B_4_111",52,20,72
"Enterococcus_faecalis_C19315WT",55,23,78
"Enterococcus_faecalis_CH116",55,23,78
"Enterococcus_faecalis_CH136",55,23,78
"Enterococcus_faecalis_CH188",48,12,60
"Enterococcus_faecalis_CH19",55,23,78
"Enterococcus_faecalis_CH570",53,23,76
"Enterococcus_faecalis_Com1",52,20,72
"Enterococcus_faecalis_Com7",52,24,76
"Enterococcus_faecalis_Com_2",55,21,76
"Enterococcus_faecalis_Com_6",52,21,73
"Enterococcus_faecalis_D1",53,25,78
"Enterococcus_faecalis_D173",54,21,75
"Enterococcus_faecalis_D3",52,19,71
"Enterococcus_faecalis_D32",45,14,59
"Enterococcus_faecalis_D6",49,15,64
"Enterococcus_faecalis_DAPTO_512",49,15,64
"Enterococcus_faecalis_DAPTO_516",55,23,78
"Enterococcus_faecalis_DS16",54,24,78
"Enterococcus_faecalis_DS5",52,22,74
"Enterococcus_faecalis_E1",55,23,78
"Enterococcus_faecalis_E1Sol",53,21,74
"Enterococcus_faecalis_E99",52,20,72
"Enterococcus_faecalis_ERR1203921",48,15,63
"Enterococcus_faecalis_ERR1203927",49,17,66
"Enterococcus_faecalis_ERR1203928",50,17,67
"Enterococcus_faecalis_ERR1203931",50,17,67
"Enterococcus_faecalis_ERR1204022",49,17,66
"Enterococcus_faecalis_ERR1204025",51,16,67
"Enterococcus_faecalis_ERR2221203",48,14,62
"Enterococcus_faecalis_ERR2221223",49,14,63
"Enterococcus_faecalis_ERR2221228",48,15,63
"Enterococcus_faecalis_ERR2221234",50,18,68
"Enterococcus_faecalis_ERR2221236",49,16,65
"Enterococcus_faecalis_ERR2221251",49,13,62
"Enterococcus_faecalis_ERR2221313",49,17,66
"Enterococcus_faecalis_ERR2221314",50,17,67
"Enterococcus_faecalis_ERR2221315",49,18,67
"Enterococcus_faecalis_ERR2221341",49,16,65
"Enterococcus_faecalis_ERR2221346",50,17,67
"Enterococcus_faecalis_ERR2230084",48,16,64
"Enterococcus_faecalis_ERR2230105",50,17,67
"Enterococcus_faecalis_ERR2230117",48,16,64
"Enterococcus_faecalis_ERR2230123",48,16,64
"Enterococcus_faecalis_ERR2230129",50,17,67
"Enterococcus_faecalis_ERV103",53,21,74
"Enterococcus_faecalis_ERV116",53,21,74
"Enterococcus_faecalis_ERV129",52,21,73
"Enterococcus_faecalis_ERV25",52,21,73
"Enterococcus_faecalis_ERV31",53,21,74
"Enterococcus_faecalis_ERV37",53,19,72
"Enterococcus_faecalis_ERV41",52,21,73
"Enterococcus_faecalis_ERV62",54,21,75
"Enterococcus_faecalis_ERV63",52,22,74
"Enterococcus_faecalis_ERV65",52,21,73
"Enterococcus_faecalis_ERV68",52,22,74
"Enterococcus_faecalis_ERV72",54,21,75
"Enterococcus_faecalis_ERV81",52,21,73
"Enterococcus_faecalis_ERV85",53,21,74
"Enterococcus_faecalis_ERV93",52,22,74
"Enterococcus_faecalis_EnGen0253",53,23,76
"Enterococcus_faecalis_F1",53,24,77
"Enterococcus_faecalis_FA2_2",53,24,77
"Enterococcus_faecalis_Fly1",53,22,75
"Enterococcus_faecalis_Fly_2",52,20,72
"Enterococcus_faecalis_HEF39",53,21,74
"Enterococcus_faecalis_HH22",55,21,76
"Enterococcus_faecalis_HIP11704",53,21,74
"Enterococcus_faecalis_JH1",52,21,73
"Enterococcus_faecalis_KB1",50,14,64
"Enterococcus_faecalis_M7",53,23,76
"Enterococcus_faecalis_MMH594",52,23,75
"Enterococcus_faecalis_Merz151",55,24,79
"Enterococcus_faecalis_Merz192",54,23,77
"Enterococcus_faecalis_Merz204",54,23,77
"Enterococcus_faecalis_Merz89",54,24,78
"Enterococcus_faecalis_Merz96",55,23,78
"Enterococcus_faecalis_Ned10",54,23,77
"Enterococcus_faecalis_OG1RF_ATCC_47077",46,16,62
"Enterococcus_faecalis_OG1X",54,23,77
"Enterococcus_faecalis_PC1_1",53,22,75
"Enterococcus_faecalis_Pan7",52,20,72
"Enterococcus_faecalis_R508",52,22,74
"Enterococcus_faecalis_R712",56,22,78
"Enterococcus_faecalis_RC73",53,24,77
"Enterococcus_faecalis_RM3817",56,24,80
"Enterococcus_faecalis_RM4679",54,24,78
"Enterococcus_faecalis_RMC1",55,23,78
"Enterococcus_faecalis_RMC5",52,21,73
"Enterococcus_faecalis_RMC65",53,23,76
"Enterococcus_faecalis_S613",55,22,77
"Enterococcus_faecalis_SF100",53,24,77
"Enterococcus_faecalis_SF105",55,23,78
"Enterococcus_faecalis_SF1592",54,24,78
"Enterococcus_faecalis_SF19",53,24,77
"Enterococcus_faecalis_SF21520",53,23,76
"Enterococcus_faecalis_SF21521",53,23,76
"Enterococcus_faecalis_SF24396",53,20,73
"Enterococcus_faecalis_SF24397",51,21,72
"Enterococcus_faecalis_SF24413",52,24,76
"Enterococcus_faecalis_SF26630",53,23,76
"Enterococcus_faecalis_SF28073",54,23,77
"Enterococcus_faecalis_SF339",55,24,79
"Enterococcus_faecalis_SF350",53,24,77
"Enterococcus_faecalis_SF370",54,23,77
"Enterococcus_faecalis_SF5039",54,24,78
"Enterococcus_faecalis_SF6375",55,24,79
"Enterococcus_faecalis_SS_6",55,23,78
"Enterococcus_faecalis_SS_7",53,24,77
"Enterococcus_faecalis_T1",52,21,73
"Enterococcus_faecalis_T10",52,21,73
"Enterococcus_faecalis_T11",52,21,73
"Enterococcus_faecalis_T12",54,21,75
"Enterococcus_faecalis_T13",53,23,76
"Enterococcus_faecalis_T14",55,24,79
"Enterococcus_faecalis_T16",56,23,79
"Enterococcus_faecalis_T17",54,23,77
"Enterococcus_faecalis_T18",52,20,72
"Enterococcus_faecalis_T19",53,20,73
"Enterococcus_faecalis_T2",52,21,73
"Enterococcus_faecalis_T20",56,23,79
"Enterococcus_faecalis_T21",54,23,77
"Enterococcus_faecalis_T3",53,25,78
"Enterococcus_faecalis_T4",53,23,76
"Enterococcus_faecalis_T5",53,20,73
"Enterococcus_faecalis_T6",54,21,75
"Enterococcus_faecalis_T7",55,21,76
"Enterococcus_faecalis_T8",53,21,74
"Enterococcus_faecalis_T9",56,24,80
"Enterococcus_faecalis_TR161",54,24,78
"Enterococcus_faecalis_TR197",52,22,74
"Enterococcus_faecalis_TUSoD_Ef11",52,20,72
"Enterococcus_faecalis_TX0012",49,21,70
"Enterococcus_faecalis_TX0017",52,21,73
"Enterococcus_faecalis_TX0027",52,21,73
"Enterococcus_faecalis_TX0031",53,21,74
"Enterococcus_faecalis_TX0043",53,22,75
"Enterococcus_faecalis_TX0102",54,22,76
"Enterococcus_faecalis_TX0104",39,11,50
"Enterococcus_faecalis_TX0109",53,21,74
"Enterococcus_faecalis_TX0309A",51,22,73
"Enterococcus_faecalis_TX0309B",52,21,73
"Enterococcus_faecalis_TX0312",53,20,73
"Enterococcus_faecalis_TX0411",52,21,73
"Enterococcus_faecalis_TX0470",52,23,75
"Enterococcus_faecalis_TX0630",52,21,73
"Enterococcus_faecalis_TX0635_WH245",56,23,79
"Enterococcus_faecalis_TX0645",52,21,73
"Enterococcus_faecalis_TX0855",52,21,73
"Enterococcus_faecalis_TX0860",52,21,73
"Enterococcus_faecalis_TX1302",56,21,77
"Enterococcus_faecalis_TX1322",41,14,55
"Enterococcus_faecalis_TX1337RF",56,18,74
"Enterococcus_faecalis_TX1341",52,21,73
"Enterococcus_faecalis_TX1342",54,22,76
"Enterococcus_faecalis_TX1346",53,19,72
"Enterococcus_faecalis_TX2134",42,13,55
"Enterococcus_faecalis_TX2137",52,19,71
"Enterococcus_faecalis_TX2141",52,21,73
"Enterococcus_faecalis_TX4000",52,21,73
"Enterococcus_faecalis_TX4244",52,21,73
"Enterococcus_faecalis_TX4248",52,21,73
"Enterococcus_faecalis_UAA1014",51,19,70
"Enterococcus_faecalis_UAA1180",50,20,70
"Enterococcus_faecalis_UAA1489",53,23,76
"Enterococcus_faecalis_UAA409",54,24,78
"Enterococcus_faecalis_UAA702",55,21,76
"Enterococcus_faecalis_UAA769",54,23,77
"Enterococcus_faecalis_UAA823",53,23,76
"Enterococcus_faecalis_UAA902",53,23,76
"Enterococcus_faecalis_UAA903",53,22,75
"Enterococcus_faecalis_UAA904",53,22,75
"Enterococcus_faecalis_UAA905",53,21,74
"Enterococcus_faecalis_UAA906",53,22,75
"Enterococcus_faecalis_UAA907",54,22,76
"Enterococcus_faecalis_UAA943",53,23,76
"Enterococcus_faecalis_UAA948",53,23,76
"Enterococcus_faecalis_V583",49,14,63
"Enterococcus_faecalis_V587",53,23,76
"Enterococcus_faecalis_WH257",53,23,76
"Enterococcus_faecalis_WH571",55,23,78
"Enterococcus_faecalis_X98",52,22,74
"Enterococcus_faecalis_YI6_1",56,24,80
"Enterococcus_faecalis_str_C_19315_led_1b_pp_SCV",55,23,78
"Enterococcus_faecalis_str_Symbioflor_1",52,22,74
"Enterococcus_faecium_109_A1",53,17,70
"Enterococcus_faecium_1141733",53,18,71
"Enterococcus_faecium_1230933",52,18,70
"Enterococcus_faecium_1231408",54,19,73
"Enterococcus_faecium_1231410",53,16,69
"Enterococcus_faecium_1231501",54,17,71
"Enterococcus_faecium_1231502",50,17,67
"Enterococcus_faecium_2006_70_121",55,20,75
"Enterococcus_faecium_504",53,17,70
"Enterococcus_faecium_505",51,18,69
"Enterococcus_faecium_7330381_1",53,17,70
"Enterococcus_faecium_7330446_2",54,19,73
"Enterococcus_faecium_7330519_3",52,18,70
"Enterococcus_faecium_7330614_1",54,17,71
"Enterococcus_faecium_7330884_2",55,18,73
"Enterococcus_faecium_7430166_3",52,17,69
"Enterococcus_faecium_841V03",55,17,72
"Enterococcus_faecium_9730219_1",54,18,72
"Enterococcus_faecium_9730357_1",54,17,71
"Enterococcus_faecium_9731349_1",51,17,68
"Enterococcus_faecium_9731352_4",54,20,74
"Enterococcus_faecium_9830091_5",53,17,70
"Enterococcus_faecium_9830512_2",52,17,69
"Enterococcus_faecium_9830565_4",54,17,71
"Enterococcus_faecium_9930238_2",53,17,70
"Enterococcus_faecium_9931110_4",55,17,72
"Enterococcus_faecium_A17_Sv1",55,17,72
"Enterococcus_faecium_ATCC_8459",53,15,68
"Enterococcus_faecium_Aus0004",53,17,70
"Enterococcus_faecium_C309",54,17,71
"Enterococcus_faecium_C68",53,17,70
"Enterococcus_faecium_CRL1879",53,19,72
"Enterococcus_faecium_Com12",54,16,70
"Enterococcus_faecium_Com15",51,19,70
"Enterococcus_faecium_D344SRF",53,18,71
"Enterococcus_faecium_DO",53,23,76
"Enterococcus_faecium_E0045",52,17,69
"Enterococcus_faecium_E0120",53,17,70
"Enterococcus_faecium_E0164",55,18,73
"Enterococcus_faecium_E0269",53,17,70
"Enterococcus_faecium_E0333",55,18,73
"Enterococcus_faecium_E0679",54,17,71
"Enterococcus_faecium_E0680",53,17,70
"Enterococcus_faecium_E0688",53,17,70
"Enterococcus_faecium_E1007",52,19,71
"Enterococcus_faecium_E1039",50,18,68
"Enterococcus_faecium_E1050",57,18,75
"Enterococcus_faecium_E1071",51,18,69
"Enterococcus_faecium_E1133",55,16,71
"Enterococcus_faecium_E1162",53,17,70
"Enterococcus_faecium_E1185",53,17,70
"Enterococcus_faecium_E1258",56,18,74
"Enterococcus_faecium_E1293",56,18,74
"Enterococcus_faecium_E1321",53,17,70
"Enterococcus_faecium_E1392",56,17,73
"Enterococcus_faecium_E1552",53,18,71
"Enterococcus_faecium_E1573",54,16,70
"Enterococcus_faecium_E1574",55,17,72
"Enterococcus_faecium_E1575",56,17,73
"Enterococcus_faecium_E1576",54,18,72
"Enterococcus_faecium_E1578",56,17,73
"Enterococcus_faecium_E1590",57,18,75
"Enterococcus_faecium_E1604",55,18,73
"Enterococcus_faecium_E1613",53,16,69
"Enterococcus_faecium_E1620",53,17,70
"Enterococcus_faecium_E1622",53,21,74
"Enterococcus_faecium_E1623",56,16,72
"Enterococcus_faecium_E1626",55,18,73
"Enterococcus_faecium_E1627",54,18,72
"Enterococcus_faecium_E1630",52,17,69
"Enterococcus_faecium_E1634",55,18,73
"Enterococcus_faecium_E1636",53,19,72
"Enterococcus_faecium_E1644",56,17,73
"Enterococcus_faecium_E1731",54,17,71
"Enterococcus_faecium_E1861",52,17,69
"Enterococcus_faecium_E1904",56,18,74
"Enterococcus_faecium_E1972",55,18,73
"Enterococcus_faecium_E2039",55,18,73
"Enterococcus_faecium_E2071",55,18,73
"Enterococcus_faecium_E2134",53,18,71
"Enterococcus_faecium_E2297",56,18,74
"Enterococcus_faecium_E2369",56,17,73
"Enterococcus_faecium_E2560",53,18,71
"Enterococcus_faecium_E2620",51,11,62
"Enterococcus_faecium_E2883",55,17,72
"Enterococcus_faecium_E2966",55,17,72
"Enterococcus_faecium_E3083",54,16,70
"Enterococcus_faecium_E3346",54,17,71
"Enterococcus_faecium_E3548",54,18,72
"Enterococcus_faecium_E4215",55,17,72
"Enterococcus_faecium_E4389",54,18,72
"Enterococcus_faecium_E6012",53,25,78
"Enterococcus_faecium_E6045",54,25,79
"Enterococcus_faecium_E8sv3",56,17,73
"Enterococcus_faecium_E980",53,17,70
"Enterococcus_faecium_ERR2221216",48,11,59
"Enterococcus_faecium_ERR2221309",48,11,59
"Enterococcus_faecium_ERR2221310",47,11,58
"Enterococcus_faecium_ERR2221317",48,11,59
"Enterococcus_faecium_ERR2221332",49,11,60
"Enterococcus_faecium_ERV1",55,17,72
"Enterococcus_faecium_EnGen0305",51,17,68
"Enterococcus_faecium_EnGen0308",52,17,69
"Enterococcus_faecium_EnGen0312",52,18,70
"Enterococcus_faecium_EnGen0314",56,19,75
"Enterococcus_faecium_EnGen0316",53,18,71
"Enterococcus_faecium_EnGen0318",53,18,71
"Enterococcus_faecium_EnGen0319",53,18,71
"Enterococcus_faecium_EnGen0321",51,17,68
"Enterococcus_faecium_EnGen0323",52,18,70
"Enterococcus_faecium_EnGen0375",52,18,70
"Enterococcus_faecium_EnGen0376",52,18,70
"Enterococcus_faecium_EnGen0377",54,16,70
"Enterococcus_faecium_F9730129_1",54,17,71
"Enterococcus_faecium_H17243",55,16,71
"Enterococcus_faecium_H17575",54,17,71
"Enterococcus_faecium_HF50104",55,18,73
"Enterococcus_faecium_HF50105",54,20,74
"Enterococcus_faecium_HF50106",53,18,71
"Enterococcus_faecium_HF50203",55,18,73
"Enterococcus_faecium_HF50204",52,17,69
"Enterococcus_faecium_HF50215",54,18,72
"Enterococcus_faecium_HM1071",55,18,73
"Enterococcus_faecium_HM1072",54,17,71
"Enterococcus_faecium_HM1073",54,17,71
"Enterococcus_faecium_HM1074",56,18,74
"Enterococcus_faecium_LCT_EF128",50,17,67
"Enterococcus_faecium_LCT_EF20",50,17,67
"Enterococcus_faecium_LCT_EF258",49,18,67
"Enterococcus_faecium_LCT_EF90",51,18,69
"Enterococcus_faecium_PC4_1",51,15,66
"Enterococcus_faecium_S658_3",53,18,71
"Enterococcus_faecium_TC_6",53,16,69
"Enterococcus_faecium_TX0082",53,16,69
"Enterococcus_faecium_TX0133A",53,17,70
"Enterococcus_faecium_TX0133B",53,18,71
"Enterococcus_faecium_TX0133C",53,18,71
"Enterococcus_faecium_TX0133a04",53,17,70
"Enterococcus_faecium_TX1330",47,14,61
"Enterococcus_faecium_U0317",56,18,74
"Enterococcus_faecium_UAA1007",54,17,71
"Enterococcus_faecium_UAA1019",56,18,74
"Enterococcus_faecium_UAA1022",56,17,73
"Enterococcus_faecium_UAA1023",55,19,74
"Enterococcus_faecium_UAA1024",55,19,74
"Enterococcus_faecium_UAA1025",54,17,71
"Enterococcus_faecium_UAA1280",56,17,73
"Enterococcus_faecium_UAA1433",56,18,74
"Enterococcus_faecium_UAA1484",53,18,71
"Enterococcus_faecium_UAA210",55,18,73
"Enterococcus_faecium_UAA407",55,17,72
"Enterococcus_faecium_UAA430",54,18,72
"Enterococcus_faecium_UAA431",55,17,72
"Enterococcus_faecium_UAA714",53,17,70
"Enterococcus_faecium_UAA715",53,17,70
"Enterococcus_faecium_UAA716",54,17,71
"Enterococcus_faecium_UAA718",53,18,71
"Enterococcus_faecium_UAA719",55,16,71
"Enterococcus_faecium_UAA720",55,17,72
"Enterococcus_faecium_UAA721",53,17,70
"Enterococcus_faecium_UAA722",53,17,70
"Enterococcus_faecium_UAA723",54,18,72
"Enterococcus_faecium_UAA724",55,19,74
"Enterococcus_faecium_UAA725",54,17,71
"Enterococcus_faecium_UAA825",57,17,74
"Enterococcus_faecium_UAA909",54,18,72
"Enterococcus_faecium_UAA910",53,17,70
"Enterococcus_faecium_UAA911",56,17,73
"Enterococcus_faecium_UAA944",55,18,73
"Enterococcus_faecium_UAA945",55,18,73
"Enterococcus_faecium_UAA947",55,18,73
"Enterococcus_faecium_UAA949",55,18,73
"Enterococcus_faecium_UAA950",54,18,72
"Enterococcus_faecium_UAA951",56,17,73
"Enterococcus_faecium_UAA952",55,17,72
"Enterococcus_faecium_UC7251",55,18,73
"Enterococcus_faecium_VAN_219",53,18,71
"Enterococcus_faecium_VAN_222",53,18,71
"Enterococcus_faecium_VAN_327",55,19,74
"Enterococcus_faecium_VAN_332",54,19,73
"Enterococcus_faecium_VAN_335",54,19,73
"Enterococcus_faecium_VAN_342",56,18,74
"Enterococcus_faecium_VAN_345",54,18,72
"Enterococcus_faecium_VAN_476",52,19,71
"Enterococcus_faecium_VRE_108",56,25,81
"Enterococcus_faecium_VRE_110",53,17,70
"Enterococcus_faecium_VRE_13",54,18,72
"Enterococcus_faecium_VRE_84",56,25,81
"Escherichia_coli_042",59,40,99
"Escherichia_coli_07798",63,43,106
"Escherichia_coli_09BKT078844",59,38,97
"Escherichia_coli_0_1288",62,44,106
"Escherichia_coli_0_1304",62,43,105
"Escherichia_coli_101_1",57,37,94
"Escherichia_coli_10_0821",63,37,100
"Escherichia_coli_10_0833",62,38,100
"Escherichia_coli_10_0869",58,38,96
"Escherichia_coli_1357",61,27,88
"Escherichia_coli_174750",61,38,99
"Escherichia_coli_174900",61,38,99
"Escherichia_coli_178900",63,43,106
"Escherichia_coli_179100",58,38,96
"Escherichia_coli_179550",59,39,98
"Escherichia_coli_180050",63,41,104
"Escherichia_coli_180200",61,42,103
"Escherichia_coli_180600",62,38,100
"Escherichia_coli_1827_70",60,37,97
"Escherichia_coli_199900_1",60,38,98
"Escherichia_coli_1_2264",56,35,91
"Escherichia_coli_1_2741",58,37,95
"Escherichia_coli_201600_1",61,42,103
"Escherichia_coli_2362_75",58,38,96
"Escherichia_coli_2534_86",65,40,105
"Escherichia_coli_2719100",57,41,98
"Escherichia_coli_2720900",64,38,102
"Escherichia_coli_2722950",62,39,101
"Escherichia_coli_2726800",61,41,102
"Escherichia_coli_2726950",59,41,100
"Escherichia_coli_2729250",62,37,99
"Escherichia_coli_2730350",55,41,96
"Escherichia_coli_2730450",63,40,103
"Escherichia_coli_2731150",58,41,99
"Escherichia_coli_2733950",58,41,99
"Escherichia_coli_2735000",62,39,101
"Escherichia_coli_2741950",61,39,100
"Escherichia_coli_2747800",60,41,101
"Escherichia_coli_2749250",60,38,98
"Escherichia_coli_2756500",62,40,102
"Escherichia_coli_2762100",54,41,95
"Escherichia_coli_2770900",62,39,101
"Escherichia_coli_2780750",62,43,105
"Escherichia_coli_2785200",61,39,100
"Escherichia_coli_2788150",60,41,101
"Escherichia_coli_2845350",62,41,103
"Escherichia_coli_2845650",58,40,98
"Escherichia_coli_2846750",58,36,94
"Escherichia_coli_2848050",64,38,102
"Escherichia_coli_2850400",63,39,102
"Escherichia_coli_2850750",62,39,101
"Escherichia_coli_2851500",61,40,101
"Escherichia_coli_2853500",57,37,94
"Escherichia_coli_2854350",68,44,112
"Escherichia_coli_2860050",66,43,109
"Escherichia_coli_2860650",59,35,94
"Escherichia_coli_2861200",59,38,97
"Escherichia_coli_2862600",61,44,105
"Escherichia_coli_2864350",59,37,96
"Escherichia_coli_2865200",58,36,94
"Escherichia_coli_2866350",64,41,105
"Escherichia_coli_2866450",60,39,99
"Escherichia_coli_2866550",58,42,100
"Escherichia_coli_2866750",61,41,102
"Escherichia_coli_2867750",59,40,99
"Escherichia_coli_2871950",62,42,104
"Escherichia_coli_2872000",61,40,101
"Escherichia_coli_2872800",62,37,99
"Escherichia_coli_2875000",62,41,103
"Escherichia_coli_2875150",60,41,101
"Escherichia_coli_2_3916",60,40,100
"Escherichia_coli_2_4168",63,39,102
"Escherichia_coli_3003",67,43,110
"Escherichia_coli_3006",58,38,96
"Escherichia_coli_3431",58,38,96
"Escherichia_coli_3_2303",61,39,100
"Escherichia_coli_3_2608",60,35,95
"Escherichia_coli_3_3884",59,36,95
"Escherichia_coli_3_4870",60,37,97
"Escherichia_coli_4_0522",63,42,105
"Escherichia_coli_4_0967",60,39,99
"Escherichia_coli_4_1_47FAA",60,34,94
"Escherichia_coli_536",65,46,111
"Escherichia_coli_53638",64,42,106
"Escherichia_coli_536A",58,27,85
"Escherichia_coli_5412",54,27,81
"Escherichia_coli_541_1",58,39,97
"Escherichia_coli_541_15",52,25,77
"Escherichia_coli_55989",57,28,85
"Escherichia_coli_5905",56,25,81
"Escherichia_coli_5_0588",60,38,98
"Escherichia_coli_5_0959",58,41,99
"Escherichia_coli_5_2239",59,38,97
"Escherichia_coli_6_0172",57,31,88
"Escherichia_coli_75",55,30,85
"Escherichia_coli_7_1982",56,27,83
"Escherichia_coli_83972",59,30,89
"Escherichia_coli_88_0221",58,27,85
"Escherichia_coli_88_1042",56,24,80
"Escherichia_coli_88_1467",56,26,82
"Escherichia_coli_89_0511",55,28,83
"Escherichia_coli_8_0416",60,28,88
"Escherichia_coli_8_0566",53,27,80
"Escherichia_coli_8_0569",55,26,81
"Escherichia_coli_8_0586",55,28,83
"Escherichia_coli_8_2524",51,25,76
"Escherichia_coli_900105_10e",59,28,87
"Escherichia_coli_90_0039",58,27,85
"Escherichia_coli_90_0091",54,29,83
"Escherichia_coli_90_2281",55,26,81
"Escherichia_coli_93_001",57,29,86
"Escherichia_coli_93_0055",54,27,81
"Escherichia_coli_93_0056",56,30,86
"Escherichia_coli_93_0624",55,26,81
"Escherichia_coli_94_0618",57,28,85
"Escherichia_coli_95_0083",55,25,80
"Escherichia_coli_95_0183",53,28,81
"Escherichia_coli_95_0941",54,27,81
"Escherichia_coli_95_0943",56,28,84
"Escherichia_coli_95_1288",58,25,83
"Escherichia_coli_96_0107",57,28,85
"Escherichia_coli_96_0109",55,29,84
"Escherichia_coli_96_0427",56,24,80
"Escherichia_coli_96_0428",59,27,86
"Escherichia_coli_96_0497",51,28,79
"Escherichia_coli_96_0932",57,27,84
"Escherichia_coli_96_0939",56,28,84
"Escherichia_coli_96_154",53,24,77
"Escherichia_coli_97_0003",60,29,89
"Escherichia_coli_97_0007",56,24,80
"Escherichia_coli_97_0010",52,26,78
"Escherichia_coli_97_0246",52,24,76
"Escherichia_coli_97_0259",56,26,82
"Escherichia_coli_97_0264",57,25,82
"Escherichia_coli_99_0670",54,28,82
"Escherichia_coli_99_0672",55,27,82
"Escherichia_coli_99_0678",51,25,76
"Escherichia_coli_99_0713",55,29,84
"Escherichia_coli_99_0741",59,29,88
"Escherichia_coli_99_0814",56,28,84
"Escherichia_coli_99_0815",55,24,79
"Escherichia_coli_99_0816",55,26,81
"Escherichia_coli_99_0839",59,27,86
"Escherichia_coli_99_0848",58,29,87
"Escherichia_coli_99_1753",56,30,86
"Escherichia_coli_99_1762",58,29,87
"Escherichia_coli_99_1775",55,25,80
"Escherichia_coli_99_1781",55,26,81
"Escherichia_coli_99_1805",55,27,82
"Escherichia_coli_9_0111",55,27,82
"Escherichia_coli_9_1649",59,33,92
"Escherichia_coli_AA86",60,29,89
"Escherichia_coli_ABU_83972",60,30,90
"Escherichia_coli_AD30",56,27,83
"Escherichia_coli_AI27",52,25,77
"Escherichia_coli_APEC_O1",61,30,91
"Escherichia_coli_APEC_O78",58,29,87
"Escherichia_coli_ARS4_2123",58,30,88
"Escherichia_coli_ATCC_25922",59,27,86
"Escherichia_coli_ATCC_700728",55,29,84
"Escherichia_coli_ATCC_8739",57,28,85
"Escherichia_coli_B088",57,28,85
"Escherichia_coli_B093",56,27,83
"Escherichia_coli_B171",51,24,75
"Escherichia_coli_B185",49,30,79
"Escherichia_coli_B354",57,25,82
"Escherichia_coli_B41",54,32,86
"Escherichia_coli_B799",55,27,82
"Escherichia_coli_B7A",58,25,83
"Escherichia_coli_BCE001_MS16",58,28,86
"Escherichia_coli_BCE002_MS12",57,26,83
"Escherichia_coli_BCE006_MS_23",55,29,84
"Escherichia_coli_BCE007_MS_11",58,25,83
"Escherichia_coli_BCE008_MS_13",54,26,80
"Escherichia_coli_BCE011_MS_01",58,27,85
"Escherichia_coli_BCE019_MS_13",53,25,78
"Escherichia_coli_BCE030_MS_09",55,26,81
"Escherichia_coli_BCE032_MS_12",57,27,84
"Escherichia_coli_BCE034_MS_14",58,26,84
"Escherichia_coli_BL21",61,31,92
"Escherichia_coli_BL21DE3",48,23,71
"Escherichia_coli_BW25113",54,20,74
"Escherichia_coli_BW2952",56,30,86
"Escherichia_coli_B_str_REL606",54,29,83
"Escherichia_coli_C639_08",59,30,89
"Escherichia_coli_C844_97",61,33,94
"Escherichia_coli_CB7326",56,29,85
"Escherichia_coli_CFT073",57,29,86
"Escherichia_coli_CUMT8",52,23,75
"Escherichia_coli_C_34666",53,29,82
"Escherichia_coli_D9",61,31,92
"Escherichia_coli_DEC10A",55,23,78
"Escherichia_coli_DEC10B",55,27,82
"Escherichia_coli_DEC10C",52,24,76
"Escherichia_coli_DEC10D",52,24,76
"Escherichia_coli_DEC10E",53,23,76
"Escherichia_coli_DEC10F",51,26,77
"Escherichia_coli_DEC11A",58,25,83
"Escherichia_coli_DEC11B",52,27,79
"Escherichia_coli_DEC11C",60,27,87
"Escherichia_coli_DEC11D",55,26,81
"Escherichia_coli_DEC11E",53,26,79
"Escherichia_coli_DEC12A",51,24,75
"Escherichia_coli_DEC12B",53,27,80
"Escherichia_coli_DEC12C",56,27,83
"Escherichia_coli_DEC12D",55,26,81
"Escherichia_coli_DEC12E",58,27,85
"Escherichia_coli_DEC13A",55,26,81
"Escherichia_coli_DEC13B",53,27,80
"Escherichia_coli_DEC13C",56,29,85
"Escherichia_coli_DEC13D",55,27,82
"Escherichia_coli_DEC13E",55,28,83
"Escherichia_coli_DEC14A",55,29,84
"Escherichia_coli_DEC14B",54,24,78
"Escherichia_coli_DEC14C",55,29,84
"Escherichia_coli_DEC14D",57,29,86
"Escherichia_coli_DEC15A",55,25,80
"Escherichia_coli_DEC15B",56,25,81
"Escherichia_coli_DEC15C",55,27,82
"Escherichia_coli_DEC15D",53,27,80
"Escherichia_coli_DEC15E",61,25,86
"Escherichia_coli_DEC1A",54,26,80
"Escherichia_coli_DEC1B",51,26,77
"Escherichia_coli_DEC1C",54,26,80
"Escherichia_coli_DEC1D",54,25,79
"Escherichia_coli_DEC1E",55,27,82
"Escherichia_coli_DEC2A",58,28,86
"Escherichia_coli_DEC2B",54,26,80
"Escherichia_coli_DEC2C",55,27,82
"Escherichia_coli_DEC2D",56,27,83
"Escherichia_coli_DEC2E",53,27,80
"Escherichia_coli_DEC3A",51,28,79
"Escherichia_coli_DEC3B",54,25,79
"Escherichia_coli_DEC3C",58,27,85
"Escherichia_coli_DEC3D",58,25,83
"Escherichia_coli_DEC3E",62,30,92
"Escherichia_coli_DEC3F",59,26,85
"Escherichia_coli_DEC4A",56,28,84
"Escherichia_coli_DEC4B",61,27,88
"Escherichia_coli_DEC4C",57,24,81
"Escherichia_coli_DEC4D",56,25,81
"Escherichia_coli_DEC4E",54,28,82
"Escherichia_coli_DEC4F",57,27,84
"Escherichia_coli_DEC5A",56,26,82
"Escherichia_coli_DEC5B",55,24,79
"Escherichia_coli_DEC5C",54,28,82
"Escherichia_coli_DEC5D",56,25,81
"Escherichia_coli_DEC5E",51,24,75
"Escherichia_coli_DEC6A",58,29,87
"Escherichia_coli_DEC6B",51,22,73
"Escherichia_coli_DEC6C",55,29,84
"Escherichia_coli_DEC6D",52,25,77
"Escherichia_coli_DEC6E",58,28,86
"Escherichia_coli_DEC7A",58,25,83
"Escherichia_coli_DEC7B",56,33,89
"Escherichia_coli_DEC7C",58,26,84
"Escherichia_coli_DEC7D",58,28,86
"Escherichia_coli_DEC7E",58,29,87
"Escherichia_coli_DEC8A",53,27,80
"Escherichia_coli_DEC8B",56,27,83
"Escherichia_coli_DEC8C",56,28,84
"Escherichia_coli_DEC8D",53,24,77
"Escherichia_coli_DEC8E",53,27,80
"Escherichia_coli_DEC9A",57,23,80
"Escherichia_coli_DEC9B",54,26,80
"Escherichia_coli_DEC9C",55,29,84
"Escherichia_coli_DEC9D",56,25,81
"Escherichia_coli_DEC9E",54,25,79
"Escherichia_coli_DH1",57,29,86
"Escherichia_coli_E101",55,25,80
"Escherichia_coli_E110019",53,23,76
"Escherichia_coli_E1167",58,27,85
"Escherichia_coli_E128010",57,26,83
"Escherichia_coli_E1520",60,28,88
"Escherichia_coli_E22",51,25,76
"Escherichia_coli_E2348_69",52,29,81
"Escherichia_coli_E24377A",53,27,80
"Escherichia_coli_E482",53,27,80
"Escherichia_coli_EC1734",58,29,87
"Escherichia_coli_EC1735",55,28,83
"Escherichia_coli_EC1736",58,28,86
"Escherichia_coli_EC1737",58,28,86
"Escherichia_coli_EC1738",57,28,85
"Escherichia_coli_EC1845",57,29,86
"Escherichia_coli_EC1846",55,25,80
"Escherichia_coli_EC1847",57,29,86
"Escherichia_coli_EC1848",56,29,85
"Escherichia_coli_EC1849",57,29,86
"Escherichia_coli_EC1850",57,29,86
"Escherichia_coli_EC1856",57,29,86
"Escherichia_coli_EC1862",55,28,83
"Escherichia_coli_EC1863",55,27,82
"Escherichia_coli_EC1864",55,27,82
"Escherichia_coli_EC1865",58,28,86
"Escherichia_coli_EC1866",54,29,83
"Escherichia_coli_EC1869",55,25,80
"Escherichia_coli_EC1870",53,24,77
"Escherichia_coli_EC302_04",55,29,84
"Escherichia_coli_EC4013",52,27,79
"Escherichia_coli_EC4100B",53,28,81
"Escherichia_coli_EC4196",55,27,82
"Escherichia_coli_EC4203",57,29,86
"Escherichia_coli_EC4402",54,27,81
"Escherichia_coli_EC4421",54,26,80
"Escherichia_coli_EC4422",54,26,80
"Escherichia_coli_EC4436",61,29,90
"Escherichia_coli_EC4437",57,28,85
"Escherichia_coli_EC4439",57,29,86
"Escherichia_coli_EC4448",62,28,90
"Escherichia_coli_ED1a",56,27,83
"Escherichia_coli_EPEC_C342_62",57,25,82
"Escherichia_coli_EPECa12",57,26,83
"Escherichia_coli_EPECa14",55,27,82
"Escherichia_coli_ERR1203920",57,22,79
"Escherichia_coli_ERR2221112",52,18,70
"Escherichia_coli_ERR2221113",57,16,73
"Escherichia_coli_ERR2221128",58,24,82
"Escherichia_coli_ERR2221214",56,18,74
"Escherichia_coli_ERR2221221",53,19,72
"Escherichia_coli_ERR2221222",54,20,74
"Escherichia_coli_ERR2221227",59,22,81
"Escherichia_coli_ERR2221250",57,21,78
"Escherichia_coli_ERR2221318",57,19,76
"Escherichia_coli_ERR2221398",54,21,75
"Escherichia_coli_ERR2221401",53,17,70
"Escherichia_coli_ETEC_H10407",62,25,87
"Escherichia_coli_Envira_10_1",54,23,77
"Escherichia_coli_Envira_8_11",54,26,80
"Escherichia_coli_F11",53,30,83
"Escherichia_coli_FDA504",56,25,81
"Escherichia_coli_FDA505",55,29,84
"Escherichia_coli_FDA506",59,27,86
"Escherichia_coli_FDA507",54,26,80
"Escherichia_coli_FDA517",58,26,84
"Escherichia_coli_FRIK1985",54,29,83
"Escherichia_coli_FRIK1990",56,28,84
"Escherichia_coli_FRIK1996",58,23,81
"Escherichia_coli_FRIK1997",56,29,85
"Escherichia_coli_FRIK1999",55,26,81
"Escherichia_coli_FRIK2001",54,28,82
"Escherichia_coli_FRIK523",59,27,86
"Escherichia_coli_FRIK920",57,28,85
"Escherichia_coli_FVEC1302",56,27,83
"Escherichia_coli_FVEC1412",57,24,81
"Escherichia_coli_G58_1",55,26,81
"Escherichia_coli_H120",51,26,77
"Escherichia_coli_H252",57,30,87
"Escherichia_coli_H263",59,31,90
"Escherichia_coli_H299",56,30,86
"Escherichia_coli_H30",56,29,85
"Escherichia_coli_H397",58,29,87
"Escherichia_coli_H489",55,28,83
"Escherichia_coli_H494",57,27,84
"Escherichia_coli_H591",55,25,80
"Escherichia_coli_H730",57,28,85
"Escherichia_coli_H736",56,28,84
"Escherichia_coli_HM26",56,30,86
"Escherichia_coli_HM27",54,27,81
"Escherichia_coli_HM46",55,27,82
"Escherichia_coli_HM605",58,28,86
"Escherichia_coli_HM65",56,32,88
"Escherichia_coli_HS",56,29,85
"Escherichia_coli_IAI1",56,30,86
"Escherichia_coli_IAI39",60,29,89
"Escherichia_coli_IHE3034",59,31,90
"Escherichia_coli_IMT2125",62,33,95
"Escherichia_coli_J53",55,26,81
"Escherichia_coli_JB1_95",55,24,79
"Escherichia_coli_Jurua_18_11",55,27,82
"Escherichia_coli_Jurua_20_10",54,25,79
"Escherichia_coli_KD2",52,28,80
"Escherichia_coli_KO11",58,31,89
"Escherichia_coli_KTE1",53,26,79
"Escherichia_coli_KTE10",59,26,85
"Escherichia_coli_KTE100",53,25,78
"Escherichia_coli_KTE101",57,26,83
"Escherichia_coli_KTE102",57,27,84
"Escherichia_coli_KTE103",57,27,84
"Escherichia_coli_KTE104",61,30,91
"Escherichia_coli_KTE105",54,27,81
"Escherichia_coli_KTE106",56,28,84
"Escherichia_coli_KTE107",59,26,85
"Escherichia_coli_KTE108",55,29,84
"Escherichia_coli_KTE109",59,29,88
"Escherichia_coli_KTE11",52,24,76
"Escherichia_coli_KTE111",59,30,89
"Escherichia_coli_KTE112",55,26,81
"Escherichia_coli_KTE113",64,31,95
"Escherichia_coli_KTE114",51,29,80
"Escherichia_coli_KTE115",55,26,81
"Escherichia_coli_KTE116",55,25,80
"Escherichia_coli_KTE117",53,27,80
"Escherichia_coli_KTE118",57,30,87
"Escherichia_coli_KTE119",58,27,85
"Escherichia_coli_KTE12",57,28,85
"Escherichia_coli_KTE120",55,29,84
"Escherichia_coli_KTE121",58,27,85
"Escherichia_coli_KTE122",56,25,81
"Escherichia_coli_KTE123",58,29,87
"Escherichia_coli_KTE124",58,30,88
"Escherichia_coli_KTE125",55,27,82
"Escherichia_coli_KTE126",57,28,85
"Escherichia_coli_KTE127",56,31,87
"Escherichia_coli_KTE128",56,28,84
"Escherichia_coli_KTE129",55,29,84
"Escherichia_coli_KTE13",53,26,79
"Escherichia_coli_KTE130",57,32,89
"Escherichia_coli_KTE131",63,30,93
"Escherichia_coli_KTE132",57,32,89
"Escherichia_coli_KTE133",60,30,90
"Escherichia_coli_KTE134",54,29,83
"Escherichia_coli_KTE135",54,28,82
"Escherichia_coli_KTE136",58,26,84
"Escherichia_coli_KTE137",62,30,92
"Escherichia_coli_KTE138",54,23,77
"Escherichia_coli_KTE139",57,28,85
"Escherichia_coli_KTE14",54,27,81
"Escherichia_coli_KTE140",55,26,81
"Escherichia_coli_KTE141",62,30,92
"Escherichia_coli_KTE142",56,25,81
"Escherichia_coli_KTE143",56,27,83
"Escherichia_coli_KTE144",56,32,88
"Escherichia_coli_KTE145",56,30,86
"Escherichia_coli_KTE146",58,31,89
"Escherichia_coli_KTE147",52,29,81
"Escherichia_coli_KTE148",60,29,89
"Escherichia_coli_KTE15",60,29,89
"Escherichia_coli_KTE150",58,28,86
"Escherichia_coli_KTE153",59,30,89
"Escherichia_coli_KTE154",54,28,82
"Escherichia_coli_KTE155",55,27,82
"Escherichia_coli_KTE156",57,28,85
"Escherichia_coli_KTE157",53,26,79
"Escherichia_coli_KTE158",59,27,86
"Escherichia_coli_KTE159",57,26,83
"Escherichia_coli_KTE16",58,27,85
"Escherichia_coli_KTE160",64,30,94
"Escherichia_coli_KTE161",53,29,82
"Escherichia_coli_KTE162",59,29,88
"Escherichia_coli_KTE163",55,28,83
"Escherichia_coli_KTE165",61,29,90
"Escherichia_coli_KTE166",53,28,81
"Escherichia_coli_KTE167",61,31,92
"Escherichia_coli_KTE168",58,30,88
"Escherichia_coli_KTE169",55,28,83
"Escherichia_coli_KTE17",58,28,86
"Escherichia_coli_KTE170",55,26,81
"Escherichia_coli_KTE171",55,26,81
"Escherichia_coli_KTE172",50,27,77
"Escherichia_coli_KTE173",59,32,91
"Escherichia_coli_KTE174",64,30,94
"Escherichia_coli_KTE175",62,33,95
"Escherichia_coli_KTE176",58,27,85
"Escherichia_coli_KTE177",59,29,88
"Escherichia_coli_KTE178",63,35,98
"Escherichia_coli_KTE179",61,29,90
"Escherichia_coli_KTE18",59,35,94
"Escherichia_coli_KTE180",58,28,86
"Escherichia_coli_KTE181",58,27,85
"Escherichia_coli_KTE182",54,26,80
"Escherichia_coli_KTE183",60,27,87
"Escherichia_coli_KTE184",59,27,86
"Escherichia_coli_KTE185",57,28,85
"Escherichia_coli_KTE186",58,27,85
"Escherichia_coli_KTE187",61,30,91
"Escherichia_coli_KTE188",61,24,85
"Escherichia_coli_KTE189",56,29,85
"Escherichia_coli_KTE19",57,28,85
"Escherichia_coli_KTE190",53,25,78
"Escherichia_coli_KTE191",60,28,88
"Escherichia_coli_KTE192",58,30,88
"Escherichia_coli_KTE193",59,26,85
"Escherichia_coli_KTE194",59,28,87
"Escherichia_coli_KTE195",58,28,86
"Escherichia_coli_KTE196",55,26,81
"Escherichia_coli_KTE197",52,26,78
"Escherichia_coli_KTE198",55,25,80
"Escherichia_coli_KTE199",56,26,82
"Escherichia_coli_KTE2",55,28,83
"Escherichia_coli_KTE20",56,31,87
"Escherichia_coli_KTE200",54,24,78
"Escherichia_coli_KTE201",58,31,89
"Escherichia_coli_KTE202",55,27,82
"Escherichia_coli_KTE203",56,25,81
"Escherichia_coli_KTE204",58,31,89
"Escherichia_coli_KTE205",54,27,81
"Escherichia_coli_KTE206",58,31,89
"Escherichia_coli_KTE207",62,28,90
"Escherichia_coli_KTE208",54,29,83
"Escherichia_coli_KTE209",60,30,90
"Escherichia_coli_KTE21",55,27,82
"Escherichia_coli_KTE210",52,29,81
"Escherichia_coli_KTE211",60,32,92
"Escherichia_coli_KTE212",54,25,79
"Escherichia_coli_KTE213",55,31,86
"Escherichia_coli_KTE214",58,28,86
"Escherichia_coli_KTE215",58,28,86
"Escherichia_coli_KTE216",58,26,84
"Escherichia_coli_KTE217",59,29,88
"Escherichia_coli_KTE218",58,28,86
"Escherichia_coli_KTE219",53,29,82
"Escherichia_coli_KTE22",57,28,85
"Escherichia_coli_KTE220",61,32,93
"Escherichia_coli_KTE221",55,27,82
"Escherichia_coli_KTE222",51,27,78
"Escherichia_coli_KTE223",61,32,93
"Escherichia_coli_KTE224",55,25,80
"Escherichia_coli_KTE225",58,30,88
"Escherichia_coli_KTE226",59,28,87
"Escherichia_coli_KTE227",52,30,82
"Escherichia_coli_KTE228",52,30,82
"Escherichia_coli_KTE229",58,27,85
"Escherichia_coli_KTE23",58,31,89
"Escherichia_coli_KTE230",59,29,88
"Escherichia_coli_KTE231",53,29,82
"Escherichia_coli_KTE232",54,26,80
"Escherichia_coli_KTE233",55,28,83
"Escherichia_coli_KTE234",51,27,78
"Escherichia_coli_KTE235",57,27,84
"Escherichia_coli_KTE236",57,27,84
"Escherichia_coli_KTE237",56,28,84
"Escherichia_coli_KTE24",57,26,83
"Escherichia_coli_KTE240",63,33,96
"Escherichia_coli_KTE25",58,28,86
"Escherichia_coli_KTE26",60,26,86
"Escherichia_coli_KTE27",58,29,87
"Escherichia_coli_KTE28",60,31,91
"Escherichia_coli_KTE29",57,24,81
"Escherichia_coli_KTE3",60,29,89
"Escherichia_coli_KTE31",57,29,86
"Escherichia_coli_KTE33",55,28,83
"Escherichia_coli_KTE34",59,30,89
"Escherichia_coli_KTE35",55,27,82
"Escherichia_coli_KTE36",53,28,81
"Escherichia_coli_KTE37",51,24,75
"Escherichia_coli_KTE38",57,29,86
"Escherichia_coli_KTE39",61,29,90
"Escherichia_coli_KTE4",57,27,84
"Escherichia_coli_KTE40",55,30,85
"Escherichia_coli_KTE41",60,29,89
"Escherichia_coli_KTE42",53,27,80
"Escherichia_coli_KTE43",53,30,83
"Escherichia_coli_KTE44",54,25,79
"Escherichia_coli_KTE45",57,28,85
"Escherichia_coli_KTE46",58,28,86
"Escherichia_coli_KTE47",58,30,88
"Escherichia_coli_KTE48",54,26,80
"Escherichia_coli_KTE49",58,28,86
"Escherichia_coli_KTE5",53,28,81
"Escherichia_coli_KTE50",61,29,90
"Escherichia_coli_KTE51",58,28,86
"Escherichia_coli_KTE53",55,29,84
"Escherichia_coli_KTE54",54,28,82
"Escherichia_coli_KTE55",57,29,86
"Escherichia_coli_KTE56",58,28,86
"Escherichia_coli_KTE57",51,24,75
"Escherichia_coli_KTE58",59,28,87
"Escherichia_coli_KTE59",56,28,84
"Escherichia_coli_KTE6",61,30,91
"Escherichia_coli_KTE60",58,28,86
"Escherichia_coli_KTE61",53,24,77
"Escherichia_coli_KTE62",54,29,83
"Escherichia_coli_KTE63",58,26,84
"Escherichia_coli_KTE64",54,27,81
"Escherichia_coli_KTE65",60,31,91
"Escherichia_coli_KTE66",52,26,78
"Escherichia_coli_KTE67",59,30,89
"Escherichia_coli_KTE68",51,26,77
"Escherichia_coli_KTE69",53,25,78
"Escherichia_coli_KTE7",54,26,80
"Escherichia_coli_KTE70",53,26,79
"Escherichia_coli_KTE71",50,25,75
"Escherichia_coli_KTE72",57,28,85
"Escherichia_coli_KTE73",54,27,81
"Escherichia_coli_KTE74",53,25,78
"Escherichia_coli_KTE75",54,26,80
"Escherichia_coli_KTE76",64,33,97
"Escherichia_coli_KTE77",56,24,80
"Escherichia_coli_KTE78",57,27,84
"Escherichia_coli_KTE79",56,28,84
"Escherichia_coli_KTE8",57,30,87
"Escherichia_coli_KTE80",56,28,84
"Escherichia_coli_KTE81",57,28,85
"Escherichia_coli_KTE82",52,26,78
"Escherichia_coli_KTE83",54,27,81
"Escherichia_coli_KTE84",58,32,90
"Escherichia_coli_KTE85",57,24,81
"Escherichia_coli_KTE86",63,33,96
"Escherichia_coli_KTE87",60,29,89
"Escherichia_coli_KTE88",57,27,84
"Escherichia_coli_KTE89",59,32,91
"Escherichia_coli_KTE9",52,29,81
"Escherichia_coli_KTE90",56,26,82
"Escherichia_coli_KTE91",54,27,81
"Escherichia_coli_KTE93",60,29,89
"Escherichia_coli_KTE94",58,29,87
"Escherichia_coli_KTE95",53,30,83
"Escherichia_coli_KTE96",54,27,81
"Escherichia_coli_KTE97",56,28,84
"Escherichia_coli_KTE98",52,29,81
"Escherichia_coli_KTE99",57,32,89
"Escherichia_coli_LCT_EC106",60,28,88
"Escherichia_coli_LCT_EC52",60,30,90
"Escherichia_coli_LCT_EC59",60,28,88
"Escherichia_coli_LF82",59,28,87
"Escherichia_coli_LT_68",57,34,91
"Escherichia_coli_M605",60,29,89
"Escherichia_coli_M718",56,28,84
"Escherichia_coli_M863",53,28,81
"Escherichia_coli_MA6",62,28,90
"Escherichia_coli_MP020940_1",54,24,78
"Escherichia_coli_MP020980_1",56,30,86
"Escherichia_coli_MP020980_2",57,28,85
"Escherichia_coli_MP021017_1",57,27,84
"Escherichia_coli_MP021017_10",56,33,89
"Escherichia_coli_MP021017_11",51,26,77
"Escherichia_coli_MP021017_12",54,28,82
"Escherichia_coli_MP021017_2",55,27,82
"Escherichia_coli_MP021017_3",56,29,85
"Escherichia_coli_MP021017_4",56,27,83
"Escherichia_coli_MP021017_5",55,28,83
"Escherichia_coli_MP021017_6",56,28,84
"Escherichia_coli_MP021017_9",52,23,75
"Escherichia_coli_MP021552_11",57,29,86
"Escherichia_coli_MP021552_12",57,26,83
"Escherichia_coli_MP021552_7",58,28,86
"Escherichia_coli_MP021552_8",51,28,79
"Escherichia_coli_MP021561_2",58,28,86
"Escherichia_coli_MP021561_3",57,26,83
"Escherichia_coli_MP021566_1",56,29,85
"Escherichia_coli_MS_107_1",56,27,83
"Escherichia_coli_MS_115_1",55,27,82
"Escherichia_coli_MS_116_1",59,31,90
"Escherichia_coli_MS_119_7",60,23,83
"Escherichia_coli_MS_124_1",55,27,82
"Escherichia_coli_MS_145_7",55,24,79
"Escherichia_coli_MS_146_1",56,27,83
"Escherichia_coli_MS_182_1",55,26,81
"Escherichia_coli_MS_185_1",57,30,87
"Escherichia_coli_MS_187_1",58,28,86
"Escherichia_coli_MS_196_1",59,28,87
"Escherichia_coli_MS_198_1",55,27,82
"Escherichia_coli_MS_200_1",60,32,92
"Escherichia_coli_MS_21_1",54,27,81
"Escherichia_coli_MS_45_1",60,32,92
"Escherichia_coli_MS_69_1",57,27,84
"Escherichia_coli_MS_78_1",57,23,80
"Escherichia_coli_MS_79_10",67,31,98
"Escherichia_coli_MS_84_1",57,28,85
"Escherichia_coli_MS_85_1",52,25,77
"Escherichia_coli_Mt1B1",56,21,77
"Escherichia_coli_N1",62,28,90
"Escherichia_coli_NA114",56,26,82
"Escherichia_coli_NC101",58,28,86
"Escherichia_coli_NCCP15647",57,29,86
"Escherichia_coli_NCCP15657",54,27,81
"Escherichia_coli_NCCP15658",56,29,85
"Escherichia_coli_NE037",54,31,85
"Escherichia_coli_NE098",56,29,85
"Escherichia_coli_NE1487",57,27,84
"Escherichia_coli_Nissle_1917",55,27,82
"Escherichia_coli_O08",59,29,88
"Escherichia_coli_O103H25_str_CVM9340",56,26,82
"Escherichia_coli_O103H25_str_NIPH_11060424",55,27,82
"Escherichia_coli_O103H2_str_12009",57,26,83
"Escherichia_coli_O103H2_str_CVM9450",57,24,81
"Escherichia_coli_O104_H4_str_01_09591",55,24,79
"Escherichia_coli_O104_H4_str_04_8351",51,26,77
"Escherichia_coli_O104_H4_str_09_7901",51,22,73
"Escherichia_coli_O104_H4_str_11_02030",56,24,80
"Escherichia_coli_O104_H4_str_11_02033_1",55,28,83
"Escherichia_coli_O104_H4_str_11_02092",56,27,83
"Escherichia_coli_O104_H4_str_11_02093",53,27,80
"Escherichia_coli_O104_H4_str_11_02281",56,24,80
"Escherichia_coli_O104_H4_str_11_02318",56,24,80
"Escherichia_coli_O104_H4_str_11_02913",56,24,80
"Escherichia_coli_O104_H4_str_11_03439",56,24,80
"Escherichia_coli_O104_H4_str_11_03943",56,24,80
"Escherichia_coli_O104_H4_str_11_04080",56,24,80
"Escherichia_coli_O104_H4_str_11_3677",59,26,85
"Escherichia_coli_O104_H4_str_11_4404",59,27,86
"Escherichia_coli_O104_H4_str_11_4522",54,25,79
"Escherichia_coli_O104_H4_str_11_4623",52,22,74
"Escherichia_coli_O104_H4_str_11_4632_C1",54,25,79
"Escherichia_coli_O104_H4_str_11_4632_C2",56,27,83
"Escherichia_coli_O104_H4_str_11_4632_C3",56,25,81
"Escherichia_coli_O104_H4_str_11_4632_C4",54,25,79
"Escherichia_coli_O104_H4_str_11_4632_C5",59,26,85
"Escherichia_coli_O104_H4_str_2009EL_2050",53,26,79
"Escherichia_coli_O104_H4_str_2009EL_2071",57,26,83
"Escherichia_coli_O104_H4_str_2011C_3493",55,29,84
"Escherichia_coli_O104_H4_str_C227_11",58,26,84
"Escherichia_coli_O104_H4_str_C236_11",55,28,83
"Escherichia_coli_O104_H4_str_Ec11_4984",55,26,81
"Escherichia_coli_O104_H4_str_Ec11_4986",54,26,80
"Escherichia_coli_O104_H4_str_Ec11_4987",57,24,81
"Escherichia_coli_O104_H4_str_Ec11_4988",55,27,82
"Escherichia_coli_O104_H4_str_Ec11_5603",55,27,82
"Escherichia_coli_O104_H4_str_Ec11_5604",54,26,80
"Escherichia_coli_O104_H4_str_Ec11_6006",56,28,84
"Escherichia_coli_O104_H4_str_Ec11_9450",52,26,78
"Escherichia_coli_O104_H4_str_Ec11_9941",55,24,79
"Escherichia_coli_O104_H4_str_Ec11_9990",58,25,83
"Escherichia_coli_O104_H4_str_Ec12_0465",58,27,85
"Escherichia_coli_O104_H4_str_Ec12_0466",55,30,85
"Escherichia_coli_O104_H4_str_GOS1",59,30,89
"Escherichia_coli_O104_H4_str_GOS2",59,30,89
"Escherichia_coli_O104_H4_str_H112180280",55,28,83
"Escherichia_coli_O104_H4_str_H112180282",56,24,80
"Escherichia_coli_O104_H4_str_H112180283",60,20,80
"Escherichia_coli_O104_H4_str_LB226692",57,24,81
"Escherichia_coli_O104_H4_str_ON2010",56,29,85
"Escherichia_coli_O104_H4_str_ON2011",57,25,82
"Escherichia_coli_O104_H4_str_TY_2482",58,21,79
"Escherichia_coli_O10K5LH4_str_ATCC_23506",54,28,82
"Escherichia_coli_O111_H11_str_CFSAN001630",54,24,78
"Escherichia_coli_O111_H11_str_CVM9534",57,19,76
"Escherichia_coli_O111_H11_str_CVM9553",60,23,83
"Escherichia_coli_O111_H8_str_CFSAN001632",62,23,85
"Escherichia_coli_O111_H8_str_CVM9570",60,21,81
"Escherichia_coli_O111_H8_str_CVM9574",58,21,79
"Escherichia_coli_O111_H8_str_CVM9602",57,31,88
"Escherichia_coli_O111_H8_str_CVM9634",60,30,90
"Escherichia_coli_O111_H_str_11128",56,25,81
"Escherichia_coli_O113_H21_str_CL_3",56,27,83
"Escherichia_coli_O121_H19_str_MT_2",57,27,84
"Escherichia_coli_O127_H27_str_C43_90",58,32,90
"Escherichia_coli_O127_H6_str_E2348_69",57,29,86
"Escherichia_coli_O145_H28_str_4865_96",65,35,100
"Escherichia_coli_O157_H7_EDL933",58,27,85
"Escherichia_coli_O157_H7_str_1044",53,22,75
"Escherichia_coli_O157_H7_str_1125",63,33,96
"Escherichia_coli_O157_H7_str_2149",60,29,89
"Escherichia_coli_O157_H7_str_EC1212",59,32,91
"Escherichia_coli_O157_H7_str_EC4009",64,33,97
"Escherichia_coli_O157_H7_str_EC4042",56,32,88
"Escherichia_coli_O157_H7_str_EC4045",58,31,89
"Escherichia_coli_O157_H7_str_EC4084",61,31,92
"Escherichia_coli_O157_H7_str_EC4115",60,30,90
"Escherichia_coli_O157_H7_str_EC4191",60,31,91
"Escherichia_coli_O157_H7_str_EC536",61,33,94
"Escherichia_coli_O157_H7_str_FRIK2000",58,31,89
"Escherichia_coli_O157_H7_str_FRIK966",58,31,89
"Escherichia_coli_O157_H7_str_G5101",63,29,92
"Escherichia_coli_O157_H7_str_H093800014",63,34,97
"Escherichia_coli_O157_H7_str_LSU_61",61,34,95
"Escherichia_coli_O157_H7_str_Sakai",43,17,60
"Escherichia_coli_O157_H7_str_TW14359",60,31,91
"Escherichia_coli_O157_H7_str_TW14588",59,35,94
"Escherichia_coli_O157_H_str_493_89",63,35,98
"Escherichia_coli_O157_H_str_H_2687",61,23,84
"Escherichia_coli_O157_str_NCCP15738",58,32,90
"Escherichia_coli_O157_str_NCCP15739",62,31,93
"Escherichia_coli_O25b_H4_ST131_str_EC958",60,34,94
"Escherichia_coli_O26_H11_str_11368",57,31,88
"Escherichia_coli_O26_H11_str_CFSAN001629",58,31,89
"Escherichia_coli_O26_H11_str_CVM10021",60,29,89
"Escherichia_coli_O26_H11_str_CVM10026",60,28,88
"Escherichia_coli_O26_H11_str_CVM10030",64,33,97
"Escherichia_coli_O26_H11_str_CVM10224",61,30,91
"Escherichia_coli_O26_H11_str_CVM9942",60,35,95
"Escherichia_coli_O26_H11_str_CVM9952",60,28,88
"Escherichia_coli_O32_H37_str_P4",59,30,89
"Escherichia_coli_O45_H2_str_03_EN_705",60,29,89
"Escherichia_coli_O55_H7_str_3256_97",61,32,93
"Escherichia_coli_O55_H7_str_CB9615",61,32,93
"Escherichia_coli_O55_H7_str_USDA_5905",61,33,94
"Escherichia_coli_O5_K4_L_H4_str_ATCC_23502",59,33,92
"Escherichia_coli_O7_K1_str_CE10",62,39,101
"Escherichia_coli_O83_H1_str_NRG_857C",62,35,97
"Escherichia_coli_O91",58,31,89
"Escherichia_coli_O91_H21_str_B2F1",59,30,89
"Escherichia_coli_OK1180",63,30,93
"Escherichia_coli_ONT_H33_str_C48_93",56,28,84
"Escherichia_coli_P0298942_1",58,31,89
"Escherichia_coli_P0298942_10",59,33,92
"Escherichia_coli_P0298942_11",58,30,88
"Escherichia_coli_P0298942_12",56,32,88
"Escherichia_coli_P0298942_14",62,37,99
"Escherichia_coli_P0298942_15",61,29,90
"Escherichia_coli_P0298942_3",62,33,95
"Escherichia_coli_P0298942_4",56,30,86
"Escherichia_coli_P0298942_6",61,34,95
"Escherichia_coli_P0298942_7",62,33,95
"Escherichia_coli_P0299438_10",65,36,101
"Escherichia_coli_P0299438_11",58,31,89
"Escherichia_coli_P0299438_2",60,33,93
"Escherichia_coli_P0299438_3",62,32,94
"Escherichia_coli_P0299438_4",58,31,89
"Escherichia_coli_P0299438_5",62,30,92
"Escherichia_coli_P0299438_6",58,31,89
"Escherichia_coli_P0299438_7",60,31,91
"Escherichia_coli_P0299438_8",58,31,89
"Escherichia_coli_P0299438_9",62,34,96
"Escherichia_coli_P0299483_1",61,30,91
"Escherichia_coli_P0299483_2",60,33,93
"Escherichia_coli_P0299483_3",57,31,88
"Escherichia_coli_P02997067_6",60,32,92
"Escherichia_coli_P0299917_1",63,36,99
"Escherichia_coli_P0299917_10",58,30,88
"Escherichia_coli_P0299917_2",61,30,91
"Escherichia_coli_P0299917_4",59,31,90
"Escherichia_coli_P0299917_5",58,29,87
"Escherichia_coli_P0299917_6",63,34,97
"Escherichia_coli_P0299917_7",65,35,100
"Escherichia_coli_P0299917_8",62,29,91
"Escherichia_coli_P0299917_9",60,29,89
"Escherichia_coli_P0301867_1",58,32,90
"Escherichia_coli_P0301867_11",60,34,94
"Escherichia_coli_P0301867_13",60,35,95
"Escherichia_coli_P0301867_2",59,33,92
"Escherichia_coli_P0301867_3",61,36,97
"Escherichia_coli_P0301867_4",63,36,99
"Escherichia_coli_P0301867_5",59,33,92
"Escherichia_coli_P0301867_7",61,34,95
"Escherichia_coli_P0301904_3",61,34,95
"Escherichia_coli_P0302293_10",62,32,94
"Escherichia_coli_P0302293_2",63,31,94
"Escherichia_coli_P0302293_3",63,34,97
"Escherichia_coli_P0302293_4",60,29,89
"Escherichia_coli_P0302293_6",62,29,91
"Escherichia_coli_P0302293_7",60,30,90
"Escherichia_coli_P0302293_8",63,28,91
"Escherichia_coli_P0302293_9",59,32,91
"Escherichia_coli_P0302308_1",63,34,97
"Escherichia_coli_P0302308_10",62,33,95
"Escherichia_coli_P0302308_11",59,29,88
"Escherichia_coli_P0302308_12",59,34,93
"Escherichia_coli_P0302308_13",61,30,91
"Escherichia_coli_P0302308_14",62,32,94
"Escherichia_coli_P0302308_2",62,33,95
"Escherichia_coli_P0302308_3",57,28,85
"Escherichia_coli_P0302308_4",57,29,86
"Escherichia_coli_P0302308_5",58,34,92
"Escherichia_coli_P0304777_1",61,28,89
"Escherichia_coli_P0304777_10",56,27,83
"Escherichia_coli_P0304777_11",58,35,93
"Escherichia_coli_P0304777_12",63,33,96
"Escherichia_coli_P0304777_13",59,30,89
"Escherichia_coli_P0304777_14",59,30,89
"Escherichia_coli_P0304777_15",58,33,91
"Escherichia_coli_P0304777_2",58,30,88
"Escherichia_coli_P0304777_3",56,30,86
"Escherichia_coli_P0304777_4",61,30,91
"Escherichia_coli_P0304777_7",62,35,97
"Escherichia_coli_P0304777_8",60,29,89
"Escherichia_coli_P0304777_9",61,35,96
"Escherichia_coli_P0304799_3",65,32,97
"Escherichia_coli_P0304816_1",63,33,96
"Escherichia_coli_P0304816_11",57,31,88
"Escherichia_coli_P0304816_12",59,32,91
"Escherichia_coli_P0304816_13",59,29,88
"Escherichia_coli_P0304816_14",57,33,90
"Escherichia_coli_P0304816_15",61,29,90
"Escherichia_coli_P0304816_2",60,35,95
"Escherichia_coli_P0304816_3",55,29,84
"Escherichia_coli_P0304816_4",58,34,92
"Escherichia_coli_P0304816_5",64,29,93
"Escherichia_coli_P0304816_6",61,29,90
"Escherichia_coli_P0304816_7",65,27,92
"Escherichia_coli_P0304816_8",61,31,92
"Escherichia_coli_P0304816_9",62,29,91
"Escherichia_coli_P0305260_1",61,35,96
"Escherichia_coli_P0305260_10",66,35,101
"Escherichia_coli_P0305260_11",65,39,104
"Escherichia_coli_P0305260_12",58,31,89
"Escherichia_coli_P0305260_13",61,33,94
"Escherichia_coli_P0305260_15",62,35,97
"Escherichia_coli_P0305260_2",57,30,87
"Escherichia_coli_P0305260_3",60,31,91
"Escherichia_coli_P0305260_4",54,31,85
"Escherichia_coli_P0305260_5",56,31,87
"Escherichia_coli_P0305260_6",64,33,97
"Escherichia_coli_P0305260_7",60,36,96
"Escherichia_coli_P0305260_8",64,38,102
"Escherichia_coli_P0305260_9",59,34,93
"Escherichia_coli_P12b",56,19,75
"Escherichia_coli_PA10",58,32,90
"Escherichia_coli_PA11",57,32,89
"Escherichia_coli_PA13",58,32,90
"Escherichia_coli_PA14",58,31,89
"Escherichia_coli_PA15",61,33,94
"Escherichia_coli_PA19",58,31,89
"Escherichia_coli_PA2",58,31,89
"Escherichia_coli_PA22",58,31,89
"Escherichia_coli_PA23",55,31,86
"Escherichia_coli_PA24",59,33,92
"Escherichia_coli_PA25",61,33,94
"Escherichia_coli_PA28",64,33,97
"Escherichia_coli_PA3",59,33,92
"Escherichia_coli_PA31",55,31,86
"Escherichia_coli_PA32",60,34,94
"Escherichia_coli_PA33",55,31,86
"Escherichia_coli_PA34",58,31,89
"Escherichia_coli_PA35",62,33,95
"Escherichia_coli_PA38",56,29,85
"Escherichia_coli_PA4",58,31,89
"Escherichia_coli_PA40",58,32,90
"Escherichia_coli_PA41",59,29,88
"Escherichia_coli_PA42",58,31,89
"Escherichia_coli_PA45",58,31,89
"Escherichia_coli_PA47",63,33,96
"Escherichia_coli_PA48",58,32,90
"Escherichia_coli_PA5",55,31,86
"Escherichia_coli_PA7",55,31,86
"Escherichia_coli_PA8",58,31,89
"Escherichia_coli_PA9",58,31,89
"Escherichia_coli_PCN033",64,35,99
"Escherichia_coli_RN587_1",63,33,96
"Escherichia_coli_S17",61,33,94
"Escherichia_coli_S88",57,32,89
"Escherichia_coli_SCI_07",66,32,98
"Escherichia_coli_SE11",54,23,77
"Escherichia_coli_SE15",63,39,102
"Escherichia_coli_SEPT362",57,30,87
"Escherichia_coli_SMS_3_5",60,29,89
"Escherichia_coli_STEC_7v",60,31,91
"Escherichia_coli_STEC_94C",66,32,98
"Escherichia_coli_STEC_B2F1",59,32,91
"Escherichia_coli_STEC_C165_02",58,34,92
"Escherichia_coli_STEC_DG131_3",55,30,85
"Escherichia_coli_STEC_EH250",56,30,86
"Escherichia_coli_STEC_H_1_8",64,33,97
"Escherichia_coli_STEC_MHI813",59,34,93
"Escherichia_coli_STEC_O31",55,28,83
"Escherichia_coli_STEC_S1191",59,33,92
"Escherichia_coli_SWW33",61,40,101
"Escherichia_coli_TA007",59,33,92
"Escherichia_coli_TA124",62,34,96
"Escherichia_coli_TA143",59,32,91
"Escherichia_coli_TA206",62,38,100
"Escherichia_coli_TA271",59,27,86
"Escherichia_coli_TA280",59,35,94
"Escherichia_coli_TT12B",55,31,86
"Escherichia_coli_TW00353",61,33,94
"Escherichia_coli_TW06591",59,30,89
"Escherichia_coli_TW07793",60,33,93
"Escherichia_coli_TW07945",57,32,89
"Escherichia_coli_TW09098",58,31,89
"Escherichia_coli_TW09109",63,33,96
"Escherichia_coli_TW10119",60,34,94
"Escherichia_coli_TW10246",58,31,89
"Escherichia_coli_TW10509",59,30,89
"Escherichia_coli_TW10598",53,32,85
"Escherichia_coli_TW10722",57,30,87
"Escherichia_coli_TW10828",60,34,94
"Escherichia_coli_TW11039",58,29,87
"Escherichia_coli_TW11681",60,32,92
"Escherichia_coli_TW14301",63,32,95
"Escherichia_coli_TW14425",59,29,88
"Escherichia_coli_TW15901",61,33,94
"Escherichia_coli_TX1999",66,35,101
"Escherichia_coli_ThroopD",62,32,94
"Escherichia_coli_UM146",62,32,94
"Escherichia_coli_UMN026",57,32,89
"Escherichia_coli_UMNF18",58,31,89
"Escherichia_coli_UMNK88",62,36,98
"Escherichia_coli_UTI89_UPEC",48,18,66
"Escherichia_coli_W",62,31,93
"Escherichia_coli_W26",59,31,90
"Escherichia_coli_XH001",59,29,88
"Escherichia_coli_XH140A",63,34,97
"Escherichia_coli_Xuzhou21",59,33,92
"Escherichia_coli_chi7122",53,28,81
"Escherichia_coli_cloneA_i1",53,28,81
"Escherichia_coli_p0305293_1",63,31,94
"Escherichia_coli_p0305293_10",60,33,93
"Escherichia_coli_p0305293_11",63,32,95
"Escherichia_coli_p0305293_12",59,31,90
"Escherichia_coli_p0305293_14",60,32,92
"Escherichia_coli_p0305293_15",59,30,89
"Escherichia_coli_p0305293_2",60,34,94
"Escherichia_coli_p0305293_3",60,31,91
"Escherichia_coli_p0305293_4",59,28,87
"Escherichia_coli_p0305293_5",61,33,94
"Escherichia_coli_p0305293_6",61,31,92
"Escherichia_coli_p0305293_7",57,29,86
"Escherichia_coli_p0305293_8",57,33,90
"Escherichia_coli_p0305293_9",62,32,94
"Escherichia_coli_str_K_12_substr_DH10B",61,37,98
"Escherichia_coli_str_K_12_substr_MDS42",60,31,91
"Escherichia_coli_str_K_12_substr_MG1655",50,22,72
"Escherichia_coli_str_K_12_substr_MG1655star",61,32,93
"Escherichia_coli_str_K_12_substr_W3110",58,32,90
"Escherichia_coli_str_clone_D_i14",62,33,95
"Escherichia_coli_str_clone_D_i2",62,33,95
"Escherichia_fergusonii_ATCC_35469",56,21,77
"Escherichia_fergusonii_B253",62,32,94
"Escherichia_fergusonii_ECD227",63,33,96
"Eubacterium_biforme_DSM_3989",43,7,50
"Eubacterium_brachy_ATCC_33089",47,14,61
"Eubacterium_cellulosolvens_6",51,15,66
"Eubacterium_cellulosolvens_LD2006",46,10,56
"Eubacterium_cylindroides_T2_87",54,12,66
"Eubacterium_desmolans_ATCC_43058",48,11,59
"Eubacterium_dolichum_DSM_3991",38,10,48
"Eubacterium_eligens_ATCC_27750",47,14,61
"Eubacterium_hallii_DSM_3353",37,11,48
"Eubacterium_hallii_L2_7",49,14,63
"Eubacterium_infirmum_F0142",47,9,56
"Eubacterium_limosum_DSM_20543",45,12,57
"Eubacterium_limosum_ERR2221373",46,12,58
"Eubacterium_limosum_KIST612",48,15,63
"Eubacterium_ramulus_ATCC_29099",44,10,54
"Eubacterium_ramulus_ERR1022349",44,11,55
"Eubacterium_rectale_ATCC_33656",47,14,61
"Eubacterium_rectale_DSM_17629",53,18,71
"Eubacterium_rectale_ERR1022318",51,11,62
"Eubacterium_rectale_ERR1022399",52,11,63
"Eubacterium_rectale_ERR1022482",51,10,61
"Eubacterium_rectale_ERR1203958",53,10,63
"Eubacterium_rectale_ERR1204052",52,10,62
"Eubacterium_rectale_ERR2221160",49,14,63
"Eubacterium_rectale_ERR2230060",51,10,61
"Eubacterium_rectale_M104_1",41,12,53
"Eubacterium_siraeum_70_3",37,10,47
"Eubacterium_siraeum_DSM_15702",44,14,58
"Eubacterium_siraeum_V10Sc8a",52,22,74
"Eubacterium_sulci_ATCC_35585",56,14,70
"Eubacterium_ventriosum_ATCC_27560",38,8,46
"Faecalibacterium_prausnitzii_A2_165",53,19,72
"Faecalibacterium_prausnitzii_ERR1022279",49,11,60
"Faecalibacterium_prausnitzii_ERR1022327",49,10,59
"Faecalibacterium_prausnitzii_ERR1022484",48,10,58
"Faecalibacterium_prausnitzii_ERR2221188",49,12,61
"Faecalibacterium_prausnitzii_L2_6",42,15,57
"Faecalibacterium_prausnitzii_M21_2",49,19,68
"Faecalibacterium_prausnitzii_SL3_3",52,20,72
"Finegoldia_magna_ACS_171_V_Col3",53,15,68
"Finegoldia_magna_ATCC_29328",50,17,67
"Finegoldia_magna_ATCC_53516",55,13,68
"Finegoldia_magna_BVS033A4",52,12,64
"Finegoldia_magna_SY403409CC001050417",53,14,67
"Flavonifractor_plautii_ATCC_29863",52,17,69
"Flavonifractor_plautii_ERR1022312",50,14,64
"Flavonifractor_plautii_ERR1022406",51,13,64
"Flavonifractor_plautii_ERR1022420",52,14,66
"Flavonifractor_plautii_ERR1022446",46,14,60
"Flavonifractor_plautii_ERR2221213",52,14,66
"Flavonifractor_plautii_ERR2221305",49,13,62
"Flavonifractor_plautii_YL31",48,15,63
"Fusicatenibacter_saccharivorans_ERR1022307",44,11,55
"Fusicatenibacter_saccharivorans_ERR1022400",47,9,56
"Fusicatenibacter_saccharivorans_ERR1022437",44,9,53
"Fusobacterium_mortiferum_ATCC_9817",49,18,67
"Fusobacterium_necrogenes_NCTC10723",45,11,56
"Fusobacterium_nucleatum_13_3C",54,21,75
"Fusobacterium_nucleatum_CTI_2",52,23,75
"Fusobacterium_nucleatum_subsp_animalis_11_3_2",49,13,62
"Fusobacterium_nucleatum_subsp_animalis_21_1A",52,17,69
"Fusobacterium_nucleatum_subsp_animalis_3_1_33",46,16,62
"Fusobacterium_nucleatum_subsp_animalis_7_1",46,17,63
"Fusobacterium_nucleatum_subsp_animalis_ATCC_51191",53,13,66
"Fusobacterium_nucleatum_subsp_animalis_D11",45,17,62
"Fusobacterium_nucleatum_subsp_animalis_OT_420",55,26,81
"Fusobacterium_nucleatum_subsp_nucleatum_ATCC_23726",56,19,75
"Fusobacterium_nucleatum_subsp_nucleatum_ATCC_25586",53,14,67
"Fusobacterium_nucleatum_subsp_polymorphum_ATCC_10953",55,18,73
"Fusobacterium_nucleatum_subsp_polymorphum_F0401",52,16,68
"Fusobacterium_nucleatum_subsp_vincentii_3_1_27",46,12,58
"Fusobacterium_nucleatum_subsp_vincentii_3_1_36A2",59,16,75
"Fusobacterium_nucleatum_subsp_vincentii_4_1_13",48,14,62
"Fusobacterium_nucleatum_subsp_vincentii_ATCC_49256",53,15,68
"Fusobacterium_varium_ATCC_27725",50,17,67
"Gemella_haemolysans_ATCC_10379",49,12,61
"Gemella_haemolysans_M341",45,11,56
"Gemella_morbillorum_M424",47,11,58
"Gemella_sanguinis_ATCC700632",47,13,60
"Gemella_sanguinis_M325",49,12,61
"Gemmiger_formicilis_ATCC_27749",50,10,60
"Gemmiger_formicilis_ERR1203953",46,11,57
"Gemmiger_formicilis_ERR1204047",46,11,57
"Gemmiger_formicilis_ERR2221191",49,14,63
"Gordonibacter_pamelaeae_7_10_1_bT_DSM_19378",41,14,55
"Gordonibacter_pamelaeae_ERR2221155",46,9,55
"Gordonibacter_pamelaeae_ERR2221387",47,9,56
"Granulicatella_elegans_ATCC_700633",50,12,62
"Haemophilus_parainfluenzae_215035_2_ISO5",47,12,59
"Haemophilus_parainfluenzae_ATCC_33392",47,11,58
"Haemophilus_parainfluenzae_HK2019",48,14,62
"Haemophilus_parainfluenzae_HK262",46,13,59
"Haemophilus_parainfluenzae_T3T1",43,13,56
"Haemophilus_pittmaniae_HK_85",55,10,65
"Haemophilus_pittmaniae_NCTC13334",44,13,57
"Haemophilus_sputorum_CCUG_13788",54,11,65
"Haemophilus_sputorum_HK_2154",45,10,55
"Helicobacter_pylori_2017",40,11,51
"Helicobacter_pylori_2018",39,9,48
"Helicobacter_pylori_26695",36,17,53
"Helicobacter_pylori_26695_1MET",42,8,50
"Helicobacter_pylori_35A",46,9,55
"Helicobacter_pylori_51",43,8,51
"Helicobacter_pylori_52",45,11,56
"Helicobacter_pylori_83",41,8,49
"Helicobacter_pylori_8A3",39,10,49
"Helicobacter_pylori_908",39,12,51
"Helicobacter_pylori_98_10",42,8,50
"Helicobacter_pylori_A45",40,12,52
"Helicobacter_pylori_Aklavik117",42,7,49
"Helicobacter_pylori_Aklavik86",41,8,49
"Helicobacter_pylori_B128",44,12,56
"Helicobacter_pylori_B38",41,9,50
"Helicobacter_pylori_B45",46,18,64
"Helicobacter_pylori_B8",40,11,51
"Helicobacter_pylori_BCS100H1",41,8,49
"Helicobacter_pylori_BM013A",42,10,52
"Helicobacter_pylori_CCHI_33",44,8,52
"Helicobacter_pylori_CPY1124",43,8,51
"Helicobacter_pylori_CPY1313",45,6,51
"Helicobacter_pylori_CPY1662",39,10,49
"Helicobacter_pylori_CPY1962",45,8,53
"Helicobacter_pylori_CPY3281",42,8,50
"Helicobacter_pylori_CPY6081",42,9,51
"Helicobacter_pylori_CPY6261",41,9,50
"Helicobacter_pylori_CPY6271",43,8,51
"Helicobacter_pylori_CPY6311",44,7,51
"Helicobacter_pylori_Cuz20",40,8,48
"Helicobacter_pylori_ELS37",38,9,47
"Helicobacter_pylori_F16",42,8,50
"Helicobacter_pylori_F30",42,9,51
"Helicobacter_pylori_F32",42,5,47
"Helicobacter_pylori_F57",42,9,51
"Helicobacter_pylori_G27",46,9,55
"Helicobacter_pylori_GAM100Ai",42,9,51
"Helicobacter_pylori_GAM101Biv",42,10,52
"Helicobacter_pylori_GAM103Bi",42,10,52
"Helicobacter_pylori_GAM105Ai",44,8,52
"Helicobacter_pylori_GAM114Ai",42,11,53
"Helicobacter_pylori_GAM115Ai",45,9,54
"Helicobacter_pylori_GAM118Bi",45,9,54
"Helicobacter_pylori_GAM119Bi",48,8,56
"Helicobacter_pylori_GAM120Ai",40,11,51
"Helicobacter_pylori_GAM121Aii",44,8,52
"Helicobacter_pylori_GAM201Ai",44,9,53
"Helicobacter_pylori_GAM210Bi",45,10,55
"Helicobacter_pylori_GAM231Ai",41,12,53
"Helicobacter_pylori_GAM239Bi",43,8,51
"Helicobacter_pylori_GAM244Ai",41,9,50
"Helicobacter_pylori_GAM245Ai",42,8,50
"Helicobacter_pylori_GAM246Ai",44,8,52
"Helicobacter_pylori_GAM249T",45,7,52
"Helicobacter_pylori_GAM250AFi",45,9,54
"Helicobacter_pylori_GAM250T",45,10,55
"Helicobacter_pylori_GAM252Bi",45,11,56
"Helicobacter_pylori_GAM252T",45,10,55
"Helicobacter_pylori_GAM254Ai",46,8,54
"Helicobacter_pylori_GAM260ASi",42,10,52
"Helicobacter_pylori_GAM260BSi",45,8,53
"Helicobacter_pylori_GAM260Bi",41,11,52
"Helicobacter_pylori_GAM263BFi",44,10,54
"Helicobacter_pylori_GAM264Ai",41,10,51
"Helicobacter_pylori_GAM265BSii",48,8,56
"Helicobacter_pylori_GAM270ASi",43,9,52
"Helicobacter_pylori_GAM42Ai",44,7,51
"Helicobacter_pylori_GAM80Ai",45,12,57
"Helicobacter_pylori_GAM83Bi",44,8,52
"Helicobacter_pylori_GAM83T",45,9,54
"Helicobacter_pylori_GAM96Ai",42,8,50
"Helicobacter_pylori_GAMchJs106B",41,9,50
"Helicobacter_pylori_GAMchJs114i",42,10,52
"Helicobacter_pylori_GAMchJs117Ai",44,8,52
"Helicobacter_pylori_GAMchJs124i",43,11,54
"Helicobacter_pylori_GAMchJs136i",46,11,57
"Helicobacter_pylori_Gambia94_24",42,11,53
"Helicobacter_pylori_HLJHP193",39,11,50
"Helicobacter_pylori_HLJHP253",43,8,51
"Helicobacter_pylori_HLJHP256",43,10,53
"Helicobacter_pylori_HLJHP271",41,10,51
"Helicobacter_pylori_HP116Bi",43,12,55
"Helicobacter_pylori_HP250AFiV",46,8,54
"Helicobacter_pylori_HP250AFii",45,9,54
"Helicobacter_pylori_HP250AFiii",45,11,56
"Helicobacter_pylori_HP250ASi",44,9,53
"Helicobacter_pylori_HP250ASii",45,10,55
"Helicobacter_pylori_HP250BFiV",46,8,54
"Helicobacter_pylori_HP250BFii",47,11,58
"Helicobacter_pylori_HP250BFiii",45,11,56
"Helicobacter_pylori_HP250BSi",43,11,54
"Helicobacter_pylori_HP260AFi",44,9,53
"Helicobacter_pylori_HP260AFii",44,9,53
"Helicobacter_pylori_HP260ASii",43,10,53
"Helicobacter_pylori_HP260BFii",43,10,53
"Helicobacter_pylori_HP260Bi",41,11,52
"Helicobacter_pylori_HPAG1",41,9,50
"Helicobacter_pylori_HUP_B14",41,9,50
"Helicobacter_pylori_Hp238",41,9,50
"Helicobacter_pylori_Hp_A_11",42,9,51
"Helicobacter_pylori_Hp_A_14",39,9,48
"Helicobacter_pylori_Hp_A_16",43,14,57
"Helicobacter_pylori_Hp_A_17",43,8,51
"Helicobacter_pylori_Hp_A_20",44,8,52
"Helicobacter_pylori_Hp_A_26",40,7,47
"Helicobacter_pylori_Hp_A_27",40,10,50
"Helicobacter_pylori_Hp_A_4",39,10,49
"Helicobacter_pylori_Hp_A_5",46,11,57
"Helicobacter_pylori_Hp_A_6",41,10,51
"Helicobacter_pylori_Hp_A_8",44,10,54
"Helicobacter_pylori_Hp_A_9",42,10,52
"Helicobacter_pylori_Hp_H_1",42,7,49
"Helicobacter_pylori_Hp_H_10",42,9,51
"Helicobacter_pylori_Hp_H_11",40,8,48
"Helicobacter_pylori_Hp_H_16",41,8,49
"Helicobacter_pylori_Hp_H_18",39,11,50
"Helicobacter_pylori_Hp_H_19",41,7,48
"Helicobacter_pylori_Hp_H_21",43,10,53
"Helicobacter_pylori_Hp_H_23",44,7,51
"Helicobacter_pylori_Hp_H_24",40,10,50
"Helicobacter_pylori_Hp_H_24b",44,9,53
"Helicobacter_pylori_Hp_H_24c",44,11,55
"Helicobacter_pylori_Hp_H_27",40,8,48
"Helicobacter_pylori_Hp_H_28",41,10,51
"Helicobacter_pylori_Hp_H_29",44,9,53
"Helicobacter_pylori_Hp_H_3",44,9,53
"Helicobacter_pylori_Hp_H_30",44,9,53
"Helicobacter_pylori_Hp_H_34",44,11,55
"Helicobacter_pylori_Hp_H_36",41,7,48
"Helicobacter_pylori_Hp_H_4",45,10,55
"Helicobacter_pylori_Hp_H_41",43,8,51
"Helicobacter_pylori_Hp_H_42",41,11,52
"Helicobacter_pylori_Hp_H_43",38,9,47
"Helicobacter_pylori_Hp_H_44",41,9,50
"Helicobacter_pylori_Hp_H_45",43,9,52
"Helicobacter_pylori_Hp_H_5b",43,9,52
"Helicobacter_pylori_Hp_H_6",39,12,51
"Helicobacter_pylori_Hp_H_9",40,10,50
"Helicobacter_pylori_Hp_M1",44,13,57
"Helicobacter_pylori_Hp_M2",44,9,53
"Helicobacter_pylori_Hp_M3",39,10,49
"Helicobacter_pylori_Hp_M4",44,9,53
"Helicobacter_pylori_Hp_M5",43,10,53
"Helicobacter_pylori_Hp_M6",44,10,54
"Helicobacter_pylori_Hp_M9",39,10,49
"Helicobacter_pylori_Hp_P_1",44,6,50
"Helicobacter_pylori_Hp_P_11",44,12,56
"Helicobacter_pylori_Hp_P_11b",43,11,54
"Helicobacter_pylori_Hp_P_13",45,6,51
"Helicobacter_pylori_Hp_P_13b",40,11,51
"Helicobacter_pylori_Hp_P_15",42,7,49
"Helicobacter_pylori_Hp_P_15b",43,8,51
"Helicobacter_pylori_Hp_P_16",43,10,53
"Helicobacter_pylori_Hp_P_1b",43,8,51
"Helicobacter_pylori_Hp_P_2",41,8,49
"Helicobacter_pylori_Hp_P_23",41,10,51
"Helicobacter_pylori_Hp_P_25",39,11,50
"Helicobacter_pylori_Hp_P_25c",45,9,54
"Helicobacter_pylori_Hp_P_25d",44,10,54
"Helicobacter_pylori_Hp_P_26",43,8,51
"Helicobacter_pylori_Hp_P_28b",42,10,52
"Helicobacter_pylori_Hp_P_2b",44,8,52
"Helicobacter_pylori_Hp_P_3",46,11,57
"Helicobacter_pylori_Hp_P_30",41,9,50
"Helicobacter_pylori_Hp_P_3b",43,7,50
"Helicobacter_pylori_Hp_P_4",47,7,54
"Helicobacter_pylori_Hp_P_41",41,9,50
"Helicobacter_pylori_Hp_P_4c",42,8,50
"Helicobacter_pylori_Hp_P_4d",45,8,53
"Helicobacter_pylori_Hp_P_62",41,8,49
"Helicobacter_pylori_Hp_P_74",42,10,52
"Helicobacter_pylori_Hp_P_8",42,11,53
"Helicobacter_pylori_Hp_P_8b",43,9,52
"Helicobacter_pylori_India7",40,7,47
"Helicobacter_pylori_J99",44,10,54
"Helicobacter_pylori_Lithuania75",41,8,49
"Helicobacter_pylori_MALT",42,9,51
"Helicobacter_pylori_N6",41,9,50
"Helicobacter_pylori_NAK7",40,9,49
"Helicobacter_pylori_NQ1671",38,7,45
"Helicobacter_pylori_NQ1707",42,8,50
"Helicobacter_pylori_NQ1712",41,9,50
"Helicobacter_pylori_NQ315",40,9,49
"Helicobacter_pylori_NQ352",43,9,52
"Helicobacter_pylori_NQ367",41,10,51
"Helicobacter_pylori_NQ392",46,9,55
"Helicobacter_pylori_NQ4044",40,9,49
"Helicobacter_pylori_NQ4053",39,11,50
"Helicobacter_pylori_NQ4060",45,6,51
"Helicobacter_pylori_NQ4076",41,11,52
"Helicobacter_pylori_NQ4099",41,7,48
"Helicobacter_pylori_NQ4110",45,9,54
"Helicobacter_pylori_NQ4161",43,10,53
"Helicobacter_pylori_NQ4191",39,11,50
"Helicobacter_pylori_NQ4200",39,11,50
"Helicobacter_pylori_NQ4216",39,7,46
"Helicobacter_pylori_NQ4228",41,9,50
"Helicobacter_pylori_OK113",38,8,46
"Helicobacter_pylori_OK310",44,9,53
"Helicobacter_pylori_P12",41,8,49
"Helicobacter_pylori_PeCan18",43,8,51
"Helicobacter_pylori_PeCan4",41,6,47
"Helicobacter_pylori_Puno120",41,7,48
"Helicobacter_pylori_Puno135",45,8,53
"Helicobacter_pylori_R036d",40,7,47
"Helicobacter_pylori_R037c",39,12,51
"Helicobacter_pylori_R038b",40,7,47
"Helicobacter_pylori_R046Wa",43,8,51
"Helicobacter_pylori_R055a",38,8,46
"Helicobacter_pylori_R056a",42,6,48
"Helicobacter_pylori_R32b",40,7,47
"Helicobacter_pylori_Rif1",41,7,48
"Helicobacter_pylori_Rif2",43,9,52
"Helicobacter_pylori_SJM180",43,7,50
"Helicobacter_pylori_SNT49",38,13,51
"Helicobacter_pylori_Sat464",43,8,51
"Helicobacter_pylori_Shi112",41,8,49
"Helicobacter_pylori_Shi169",43,7,50
"Helicobacter_pylori_Shi417",40,13,53
"Helicobacter_pylori_Shi470",42,11,53
"Helicobacter_pylori_SouthAfrica7",46,8,54
"Helicobacter_pylori_UM007",44,10,54
"Helicobacter_pylori_UM018",40,10,50
"Helicobacter_pylori_UM034",43,8,51
"Helicobacter_pylori_UM037",42,9,51
"Helicobacter_pylori_UM045",42,10,52
"Helicobacter_pylori_UM054",42,11,53
"Helicobacter_pylori_UM066",42,7,49
"Helicobacter_pylori_UM299",41,11,52
"Helicobacter_pylori_XZ274",46,9,55
"Helicobacter_pylori_v225d",46,10,56
"Holdemania_filiformis_VPI_J1_31B_1_DSM_12042",39,11,50
"Intestinimonas_butyriciproducens_ERR1022450",45,13,58
"Intestinimonas_butyriciproducens_SRB_521_5_I",43,14,57
"Klebsiella_oxytoca_10_5243",57,27,84
"Klebsiella_oxytoca_10_5245",56,23,79
"Klebsiella_oxytoca_10_5248",59,27,86
"Klebsiella_oxytoca_11492_1",54,25,79
"Klebsiella_oxytoca_CAV1099",53,13,66
"Klebsiella_oxytoca_CAV1335",46,16,62
"Klebsiella_oxytoca_CAV1374",48,17,65
"Klebsiella_oxytoca_CHS143",45,15,60
"Klebsiella_oxytoca_E718",51,26,77
"Klebsiella_oxytoca_ERR2221287",51,14,65
"Klebsiella_oxytoca_ERR2221335",51,13,64
"Klebsiella_oxytoca_ERR2221348",54,15,69
"Klebsiella_oxytoca_ERR2221399",48,14,62
"Klebsiella_oxytoca_ERR2221400",50,16,66
"Klebsiella_oxytoca_ICU1_2b",48,18,66
"Klebsiella_oxytoca_JKo3",50,18,68
"Klebsiella_oxytoca_KCTC_1686",52,16,68
"Klebsiella_oxytoca_MGH88",49,14,63
"Klebsiella_pneumoniae_1162281",51,19,70
"Klebsiella_pneumoniae_1191100241",49,21,70
"Klebsiella_pneumoniae_342",46,18,64
"Klebsiella_pneumoniae_361_1301",50,20,70
"Klebsiella_pneumoniae_500_1420",42,19,61
"Klebsiella_pneumoniae_540_1460",49,25,74
"Klebsiella_pneumoniae_646_1568",52,20,72
"Klebsiella_pneumoniae_ATCC_25955",45,18,63
"Klebsiella_pneumoniae_ATCC_BAA_1705",51,20,71
"Klebsiella_pneumoniae_ATCC_BAA_2146",50,20,70
"Klebsiella_pneumoniae_CHS153",47,20,67
"Klebsiella_pneumoniae_CHS222",52,19,71
"Klebsiella_pneumoniae_DMC0526",47,20,67
"Klebsiella_pneumoniae_ERR2221115",52,19,71
"Klebsiella_pneumoniae_ERR2221116",52,18,70
"Klebsiella_pneumoniae_ERR2221118",50,19,69
"Klebsiella_pneumoniae_ERR2221121",48,19,67
"Klebsiella_pneumoniae_ERR2221297",53,16,69
"Klebsiella_pneumoniae_ERR2221368",46,19,65
"Klebsiella_pneumoniae_ERR2221372",51,20,71
"Klebsiella_pneumoniae_G5_2",45,20,65
"Klebsiella_pneumoniae_JH1",47,22,69
"Klebsiella_pneumoniae_KCTC_2242",51,19,70
"Klebsiella_pneumoniae_KP_11",47,20,67
"Klebsiella_pneumoniae_NTUH_K2044",53,24,77
"Klebsiella_pneumoniae_PR04",50,19,69
"Klebsiella_pneumoniae_UHKPC01",51,21,72
"Klebsiella_pneumoniae_UHKPC04",48,19,67
"Klebsiella_pneumoniae_UHKPC05",50,20,70
"Klebsiella_pneumoniae_UHKPC09",51,21,72
"Klebsiella_pneumoniae_UHKPC22",49,19,68
"Klebsiella_pneumoniae_UHKPC23",46,22,68
"Klebsiella_pneumoniae_UHKPC24",46,20,66
"Klebsiella_pneumoniae_UHKPC26",48,18,66
"Klebsiella_pneumoniae_UHKPC27",46,22,68
"Klebsiella_pneumoniae_UHKPC29",48,19,67
"Klebsiella_pneumoniae_UHKPC32",51,17,68
"Klebsiella_pneumoniae_UHKPC40",46,20,66
"Klebsiella_pneumoniae_UHKPC45",50,20,70
"Klebsiella_pneumoniae_UHKPC48",51,17,68
"Klebsiella_pneumoniae_UHKPC57",48,20,68
"Klebsiella_pneumoniae_UHKPC81",49,21,70
"Klebsiella_pneumoniae_UHKPC_52",52,20,72
"Klebsiella_pneumoniae_VAKPC252",45,19,64
"Klebsiella_pneumoniae_VAKPC254",52,21,73
"Klebsiella_pneumoniae_VAKPC269",49,20,69
"Klebsiella_pneumoniae_VAKPC270",54,21,75
"Klebsiella_pneumoniae_VAKPC276",45,24,69
"Klebsiella_pneumoniae_VAKPC278",48,21,69
"Klebsiella_pneumoniae_VAKPC280",46,22,68
"Klebsiella_pneumoniae_VAKPC297",51,17,68
"Klebsiella_pneumoniae_VAKPC309",46,19,65
"Klebsiella_pneumoniae_hvKP1",48,18,66
"Klebsiella_pneumoniae_pneumoniae_MGH78578",48,17,65
"Klebsiella_pneumoniae_subsp_pneumoniae_1084",47,24,71
"Klebsiella_pneumoniae_subsp_pneumoniae_12_3578",47,16,63
"Klebsiella_pneumoniae_subsp_pneumoniae_DSM_30104",47,22,69
"Klebsiella_pneumoniae_subsp_pneumoniae_Ecl8",46,21,67
"Klebsiella_pneumoniae_subsp_pneumoniae_HS11286",48,18,66
"Klebsiella_pneumoniae_subsp_pneumoniae_KPNIH1",48,17,65
"Klebsiella_pneumoniae_subsp_pneumoniae_KPNIH10",48,17,65
"Klebsiella_pneumoniae_subsp_pneumoniae_KPNIH11",51,22,73
"Klebsiella_pneumoniae_subsp_pneumoniae_KPNIH12",51,21,72
"Klebsiella_pneumoniae_subsp_pneumoniae_KPNIH14",44,22,66
"Klebsiella_pneumoniae_subsp_pneumoniae_KPNIH16",46,22,68
"Klebsiella_pneumoniae_subsp_pneumoniae_KPNIH17",50,18,68
"Klebsiella_pneumoniae_subsp_pneumoniae_KPNIH18",50,21,71
"Klebsiella_pneumoniae_subsp_pneumoniae_KPNIH19",47,19,66
"Klebsiella_pneumoniae_subsp_pneumoniae_KPNIH2",45,22,67
"Klebsiella_pneumoniae_subsp_pneumoniae_KPNIH20",46,20,66
"Klebsiella_pneumoniae_subsp_pneumoniae_KPNIH21",46,20,66
"Klebsiella_pneumoniae_subsp_pneumoniae_KPNIH22",50,18,68
"Klebsiella_pneumoniae_subsp_pneumoniae_KPNIH23",45,21,66
"Klebsiella_pneumoniae_subsp_pneumoniae_KPNIH4",47,18,65
"Klebsiella_pneumoniae_subsp_pneumoniae_KPNIH5",48,17,65
"Klebsiella_pneumoniae_subsp_pneumoniae_KPNIH6",46,19,65
"Klebsiella_pneumoniae_subsp_pneumoniae_KPNIH7",49,19,68
"Klebsiella_pneumoniae_subsp_pneumoniae_KPNIH8",50,21,71
"Klebsiella_pneumoniae_subsp_pneumoniae_KPNIH9",48,17,65
"Klebsiella_pneumoniae_subsp_pneumoniae_KpQ3",47,20,67
"Klebsiella_pneumoniae_subsp_pneumoniae_LZ",45,20,65
"Klebsiella_pneumoniae_subsp_pneumoniae_ST258_490",49,19,68
"Klebsiella_pneumoniae_subsp_pneumoniae_ST258_K26BO",44,17,61
"Klebsiella_pneumoniae_subsp_pneumoniae_ST258_K28BO",48,22,70
"Klebsiella_pneumoniae_subsp_pneumoniae_ST512_K30BO",44,13,57
"Klebsiella_pneumoniae_subsp_pneumoniae_WGLW1",46,18,64
"Klebsiella_pneumoniae_subsp_pneumoniae_WGLW2",50,20,70
"Klebsiella_pneumoniae_subsp_pneumoniae_WGLW5",48,18,66
"Klebsiella_quasipneumoniae_700603",49,19,68
"Klebsiella_variicola_KV321_ZB100000",52,16,68
"Lachnobacterium_bovis_AE2004",38,11,49
"Lachnobacterium_bovis_S1b",39,12,51
"Lachnospira_pectinoschiza_ERR1022352",45,10,55
"Lachnospira_pectinoschiza_ERR1022401",44,10,54
"Lachnospira_pectinoschiza_M83",43,11,54
"Lactobacillus_casei_12A",50,13,63
"Lactobacillus_casei_21_1",49,11,60
"Lactobacillus_casei_A2_362",47,10,57
"Lactobacillus_casei_ATCC_334",40,14,54
"Lactobacillus_casei_ERR2221237",49,12,61
"Lactobacillus_casei_ERR2221291",47,12,59
"Lactobacillus_casei_ERR2221303",50,11,61
"Lactobacillus_casei_ERR2221304",46,12,58
"Lactobacillus_casei_ERR2221325",50,12,62
"Lactobacillus_casei_UW4",51,14,65
"Lactobacillus_casei_W56",49,12,61
"Lactobacillus_casei_casei_BL23",42,12,54
"Lactobacillus_delbrueckii_ZN7a_9",54,23,77
"Lactobacillus_delbrueckii_subsp_bulgaricus_2038",54,14,68
"Lactobacillus_delbrueckii_subsp_bulgaricus_ATCC_11842",51,15,66
"Lactobacillus_delbrueckii_subsp_bulgaricus_ATCC_BAA_365",44,13,57
"Lactobacillus_delbrueckii_subsp_bulgaricus_CNCM_I_1519",55,15,70
"Lactobacillus_delbrueckii_subsp_bulgaricus_CNCM_I_1632",52,16,68
"Lactobacillus_delbrueckii_subsp_bulgaricus_ND02",56,16,72
"Lactobacillus_delbrueckii_subsp_delbrueckii_DSM_20074",51,12,63
"Lactobacillus_delbrueckii_subsp_lactis_DSM_20072",50,15,65
"Lactobacillus_fermentum_28_3_CHN",43,15,58
"Lactobacillus_fermentum_ATCC_14931",35,12,47
"Lactobacillus_fermentum_CECT_5716",45,14,59
"Lactobacillus_fermentum_F_6",51,12,63
"Lactobacillus_fermentum_IFO_3956",42,14,56
"Lactobacillus_gasseri_202_4",57,13,70
"Lactobacillus_gasseri_224_1",60,22,82
"Lactobacillus_gasseri_ATCC_33323",52,14,66
"Lactobacillus_gasseri_CECT_5714",54,14,68
"Lactobacillus_gasseri_ERR1203930",52,13,65
"Lactobacillus_gasseri_ERR1204024",52,13,65
"Lactobacillus_gasseri_ERR2221164",51,13,64
"Lactobacillus_gasseri_ERR2221406",51,13,64
"Lactobacillus_gasseri_JV_V03",55,16,71
"Lactobacillus_gasseri_K7",57,17,74
"Lactobacillus_gasseri_MV_22",52,14,66
"Lactobacillus_gasseri_SJ_9E_US",54,15,69
"Lactobacillus_gasseri_SV_16A_US",51,16,67
"Lactobacillus_helveticus_DPC_4571",51,16,67
"Lactobacillus_helveticus_DSM_20075",43,16,59
"Lactobacillus_helveticus_H10",50,13,63
"Lactobacillus_helveticus_R0052",55,14,69
"Lactobacillus_johnsonii_ATCC_33200",55,12,67
"Lactobacillus_johnsonii_DPC_6026",54,12,66
"Lactobacillus_johnsonii_ERR2221124",51,10,61
"Lactobacillus_johnsonii_ERR2221205",49,11,60
"Lactobacillus_johnsonii_FI9785",53,13,66
"Lactobacillus_johnsonii_NCC_533",51,15,66
"Lactobacillus_johnsonii_pf01",51,12,63
"Lactobacillus_mucosae_LM1",55,17,72
"Lactobacillus_plantarum_16",46,14,60
"Lactobacillus_plantarum_ERR2221349",48,15,63
"Lactobacillus_plantarum_IPLA88",44,15,59
"Lactobacillus_plantarum_JDM1",44,16,60
"Lactobacillus_plantarum_UCMA_3037",43,13,56
"Lactobacillus_plantarum_WCFS1",40,11,51
"Lactobacillus_plantarum_ZJ316",45,12,57
"Lactobacillus_plantarum_subsp_plantarum_ATCC_14917",39,11,50
"Lactobacillus_plantarum_subsp_plantarum_NC8",43,14,57
"Lactobacillus_plantarum_subsp_plantarum_P_8",46,16,62
"Lactobacillus_plantarum_subsp_plantarum_ST_III",45,14,59
"Lactobacillus_reuteri_100_23",51,11,62
"Lactobacillus_reuteri_ATCC_53608",55,12,67
"Lactobacillus_reuteri_CF48_3A",43,13,56
"Lactobacillus_reuteri_DSM_20016",53,13,66
"Lactobacillus_reuteri_ERR2221127",46,12,58
"Lactobacillus_reuteri_ERR2221204",47,17,64
"Lactobacillus_reuteri_F275_JCM_1112",42,12,54
"Lactobacillus_reuteri_I49",51,17,68
"Lactobacillus_reuteri_I5007",49,12,61
"Lactobacillus_reuteri_MM2_3",43,14,57
"Lactobacillus_reuteri_MM4_1A",43,11,54
"Lactobacillus_reuteri_SD2112_ATCC_55730",41,12,53
"Lactobacillus_reuteri_lpuph",49,12,61
"Lactobacillus_reuteri_mlc3",49,13,62
"Lactobacillus_rhamnosus_ATCC_21052",50,12,62
"Lactobacillus_rhamnosus_ATCC_8530",52,14,66
"Lactobacillus_rhamnosus_ERR1203919",53,14,67
"Lactobacillus_rhamnosus_ERR2221226",53,14,67
"Lactobacillus_rhamnosus_GG_ATCC_53103",55,15,70
"Lactobacillus_rhamnosus_HN001",55,12,67
"Lactobacillus_rhamnosus_LMS2_1",42,14,56
"Lactobacillus_rhamnosus_LRHMDP2",51,15,66
"Lactobacillus_rhamnosus_LRHMDP3",51,14,65
"Lactobacillus_rhamnosus_Lc_705",54,13,67
"Lactobacillus_rhamnosus_R0011",51,13,64
"Lactobacillus_ruminis_ATCC_25644",41,12,53
"Lactobacillus_ruminis_ATCC_27782",45,13,58
"Lactobacillus_ruminis_DSM_20403_NBRC_102161",48,14,62
"Lactobacillus_ruminis_ERR2221165",47,12,59
"Lactobacillus_ruminis_ERR2221355",48,12,60
"Lactobacillus_ruminis_SPM0211",47,13,60
"Lactobacillus_salivarius_CECT_5713",50,11,61
"Lactobacillus_salivarius_ERR2221215",49,11,60
"Lactobacillus_salivarius_ERR2221301",48,12,60
"Lactobacillus_salivarius_ERR2221323",48,11,59
"Lactobacillus_salivarius_GJ_24",52,13,65
"Lactobacillus_salivarius_HO66_ATCC_11741",39,11,50
"Lactobacillus_salivarius_NIAS840",48,13,61
"Lactobacillus_salivarius_salivarius_UCC118",43,12,55
"Lactococcus_garvieae_21881",43,12,55
"Lactococcus_garvieae_8831",44,13,57
"Lactococcus_garvieae_ATCC_49156",47,14,61
"Lactococcus_garvieae_DCC43",48,10,58
"Lactococcus_garvieae_I113",47,10,57
"Lactococcus_garvieae_IPLA_31405",45,11,56
"Lactococcus_garvieae_LG9",48,12,60
"Lactococcus_garvieae_Lg2",51,12,63
"Lactococcus_garvieae_TB25",47,12,59
"Lactococcus_garvieae_Tac2",45,10,55
"Lactococcus_garvieae_UNIUD074",48,9,57
"Lactococcus_lactis_subsp_cremoris_A76",47,16,63
"Lactococcus_lactis_subsp_cremoris_CNCM_I_1631",47,18,65
"Lactococcus_lactis_subsp_cremoris_MG1363",47,17,64
"Lactococcus_lactis_subsp_cremoris_NZ9000",47,18,65
"Lactococcus_lactis_subsp_cremoris_SK11",45,17,62
"Lactococcus_lactis_subsp_cremoris_UC509_9",46,17,63
"Lactococcus_lactis_subsp_lactis_CV56",47,18,65
"Lactococcus_lactis_subsp_lactis_IO_1",47,17,64
"Lactococcus_lactis_subsp_lactis_Il1403",40,18,58
"Lactococcus_lactis_subsp_lactis_KF147",48,16,64
"Lactococcus_lactis_subsp_lactis_YF11",47,18,65
"Leuconostoc_mesenteroides_ERR2221167",49,12,61
"Leuconostoc_mesenteroides_subsp_cremoris_ATCC_19254",36,12,48
"Leuconostoc_mesenteroides_subsp_mesenteroides_ATCC_8293",44,10,54
"Leuconostoc_mesenteroides_subsp_mesenteroides_J18",48,14,62
"Megamonas_funiformis_YIT_11815",51,13,64
"Megamonas_hypermegale_ART12_1",41,15,56
"Megamonas_rupellensis_DSM_19944",44,11,55
"Megasphaera_elsdenii_DSM_20460",48,14,62
"Megasphaera_micronuciformis_F0359",45,10,55
"Methanobrevibacter_smithii_ATCC_35061",38,12,50
"Methanosphaera_stadtmanae_DSM_3091",39,12,51
"Mitsuokella_jalaludinii_DSM_13811",58,13,71
"Mitsuokella_jalaludinii_ERR1022286",48,11,59
"Mitsuokella_multacida_DSM_20544",44,12,56
"Odoribacter_splanchnicus_1651_6_DSM_20712",38,11,49
"Odoribacter_splanchnicus_ERR1203973",39,16,55
"Odoribacter_splanchnicus_ERR1204067",36,18,54
"Odoribacter_splanchnicus_ERR2230125",41,16,57
"Olsenella_profusa_F019501",46,13,59
"Olsenella_uli_DSM_7084",52,14,66
"Oribacterium_sinus_F0268",48,16,64
"Oxalobacter_formigenes_HOxBLS",31,7,38
"Oxalobacter_formigenes_OXCC13",36,9,45
"Pantoea_agglomerans_190",48,18,66
"Pantoea_agglomerans_299R",56,20,76
"Pantoea_agglomerans_3",48,14,62
"Pantoea_agglomerans_4",51,15,66
"Pantoea_agglomerans_IG1",49,17,66
"Pantoea_agglomerans_MP2",50,15,65
"Pantoea_agglomerans_P10c",49,12,61
"Parabacteroides_distasonis_ATCC_8503",40,25,65
"Parabacteroides_distasonis_CL03T12C09",44,27,71
"Parabacteroides_distasonis_CL09T03C24",44,29,73
"Parabacteroides_distasonis_ERR1022281",35,15,50
"Parabacteroides_distasonis_ERR1022330",39,15,54
"Parabacteroides_distasonis_ERR1022415",42,16,58
"Parabacteroides_distasonis_ERR1022462",36,16,52
"Parabacteroides_distasonis_ERR1204048",39,16,55
"Parabacteroides_distasonis_ERR2221129",42,16,58
"Parabacteroides_distasonis_ERR2221168",36,15,51
"Parabacteroides_distasonis_ERR2230146",36,15,51
"Parabacteroides_distasonis_ERR2230165",37,17,54
"Parabacteroides_goldsteinii_CL02T12C30",45,23,68
"Parabacteroides_goldsteinii_DSM_19448_WAL_12034",39,12,51
"Parabacteroides_goldsteinii_ERR2230163",38,14,52
"Parabacteroides_goldsteinii_dnLKV18",43,18,61
"Parabacteroides_gordonii_DSM_23371",40,13,53
"Parabacteroides_johnsonii_CL02T12C29",43,21,64
"Parabacteroides_johnsonii_DSM_18315",30,13,43
"Parabacteroides_merdae_ATCC_43184",33,14,47
"Parabacteroides_merdae_CL03T12C32",41,21,62
"Parabacteroides_merdae_CL09T00C40",42,16,58
"Parabacteroides_merdae_ERR1022364",40,16,56
"Parabacteroides_merdae_ERR2230111",35,15,50
"Paraprevotella_clara_YIT_11840",37,15,52
"Paraprevotella_xylaniphila_YIT_11841",36,13,49
"Parasutterella_excrementihominis_YIT_11859",49,9,58
"Parvimonas_micra_ATCC_33270",38,6,44
"Peptoniphilus_lacrimalis_315_B",52,8,60
"Peptoniphilus_lacrimalis_DSM_7455",55,10,65
"Phascolarctobacterium_faecium_DSM_14760",42,9,51
"Phascolarctobacterium_succinatutens_YIT_12067",37,10,47
"Porphyromonas_asaccharolytica_DSM_20707",51,14,65
"Porphyromonas_asaccharolytica_PR426713P_I",50,19,69
"Porphyromonas_bennonis_DSM_23058_JCM_16335",56,14,70
"Porphyromonas_uenonis_60_3",50,18,68
"Porphyromonas_uenonis_DSM_23387",57,16,73
"Prevotella_bivia_DSM_20514",47,15,62
"Prevotella_bivia_JCVIHMP010",47,16,63
"Prevotella_buccae_ATCC_33574",45,13,58
"Prevotella_buccae_D17",43,22,65
"Prevotella_buccalis_ATCC_35310",50,11,61
"Prevotella_buccalis_DNF00853",47,10,57
"Prevotella_buccalis_DNF00985",46,12,58
"Prevotella_buccalis_UMB0536_16933_8_22_1",49,11,60
"Prevotella_copri_CB7_DSM_18205",28,14,42
"Prevotella_copri_ERR1022397",48,16,64
"Prevotella_corporis_DSM_18810",45,9,54
"Prevotella_corporis_MJR7716",46,14,60
"Prevotella_denticola_CRIS_18C_A",45,17,62
"Prevotella_denticola_DSM20614",42,10,52
"Prevotella_denticola_F0289",52,12,64
"Prevotella_disiens_FB035_09AN",55,10,65
"Prevotella_disiens_JCM_6334",47,11,58
"Prevotella_melaninogenica_ATCC_25845",50,14,64
"Prevotella_melaninogenica_D18",45,20,65
"Prevotella_oris_C735",45,12,57
"Prevotella_oris_DSM_18711_JCM_12252",43,13,56
"Prevotella_oris_F0302",45,13,58
"Prevotella_oulorum_ATCC_43324",48,12,60
"Prevotella_oulorum_F0390",51,8,59
"Prevotella_ruminicola_23",46,19,65
"Prevotella_stercorea_DSM_18206",55,12,67
"Prevotella_timonensis_4401737",43,10,53
"Prevotella_timonensis_CRIS_5C_B1",49,9,58
"Propionibacterium_acnes_KPA171202",52,13,65
"Pseudoflavonifractor_capillosus_ERR1022447",53,13,66
"Pseudoflavonifractor_capillosus_strain_ATCC_29799",38,9,47
"Pseudomonas_aeruginosa_152504",57,32,89
"Pseudomonas_aeruginosa_18A",56,25,81
"Pseudomonas_aeruginosa_19BR",54,31,85
"Pseudomonas_aeruginosa_213BR",54,31,85
"Pseudomonas_aeruginosa_2192",52,32,84
"Pseudomonas_aeruginosa_2_1_26",53,29,82
"Pseudomonas_aeruginosa_39016",58,40,98
"Pseudomonas_aeruginosa_9BR",54,31,85
"Pseudomonas_aeruginosa_AH16",55,33,88
"Pseudomonas_aeruginosa_ATCC_14886",53,33,86
"Pseudomonas_aeruginosa_B136_33",59,40,99
"Pseudomonas_aeruginosa_C3719",54,26,80
"Pseudomonas_aeruginosa_CI27",61,40,101
"Pseudomonas_aeruginosa_DK2",52,34,86
"Pseudomonas_aeruginosa_DQ8",51,36,87
"Pseudomonas_aeruginosa_E2",53,33,86
"Pseudomonas_aeruginosa_F22031",43,16,59
"Pseudomonas_aeruginosa_LCT_PA102",52,35,87
"Pseudomonas_aeruginosa_LESB58",53,32,85
"Pseudomonas_aeruginosa_M18",54,30,84
"Pseudomonas_aeruginosa_MPAO1_P1",53,32,85
"Pseudomonas_aeruginosa_MPAO1_P2",53,31,84
"Pseudomonas_aeruginosa_MRW44_1",53,34,87
"Pseudomonas_aeruginosa_MSH_10",58,37,95
"Pseudomonas_aeruginosa_NCGM2_S1",44,15,59
"Pseudomonas_aeruginosa_NCMG1179",55,32,87
"Pseudomonas_aeruginosa_PA14",62,40,102
"Pseudomonas_aeruginosa_PA21_ST175",52,34,86
"Pseudomonas_aeruginosa_PA45",53,33,86
"Pseudomonas_aeruginosa_PA7",57,35,92
"Pseudomonas_aeruginosa_PABL056",63,40,103
"Pseudomonas_aeruginosa_PACS2",53,33,86
"Pseudomonas_aeruginosa_PADK2_CF510",54,31,85
"Pseudomonas_aeruginosa_PAK",55,32,87
"Pseudomonas_aeruginosa_PAO1",62,34,96
"Pseudomonas_aeruginosa_PAO579",52,35,87
"Pseudomonas_aeruginosa_PGPR2",55,27,82
"Pseudomonas_aeruginosa_SJTD_1",52,33,85
"Pseudomonas_aeruginosa_UCBPP_PA14",63,40,103
"Pseudomonas_aeruginosa_XMG",53,32,85
"Pyramidobacter_piscolens_W5455",53,11,64
"Roseburia_faecis_ERR1022321",40,10,50
"Roseburia_faecis_ERR2221408",43,7,50
"Roseburia_faecis_ERR2230155",44,8,52
"Roseburia_hominis_A2_183",46,10,56
"Roseburia_hominis_ERR1022292",50,15,65
"Roseburia_intestinalis_ERR1022474",49,11,60
"Roseburia_intestinalis_ERR2221171",47,11,58
"Roseburia_intestinalis_ERR2230070",50,10,60
"Roseburia_intestinalis_L1_82",40,12,52
"Roseburia_intestinalis_XB6B4",58,24,82
"Roseburia_inulinivorans_DSM_16841",37,12,49
"Roseburia_inulinivorans_ERR1022293",44,12,56
"Roseburia_inulinivorans_ERR1022345",43,12,55
"Roseburia_inulinivorans_ERR1203941",46,13,59
"Rothia_dentocariosa_ATCC_17931",52,13,65
"Rothia_dentocariosa_M567",47,18,65
"Rothia_mucilaginosa_ATCC_25296",47,16,63
"Rothia_mucilaginosa_DY_18",52,11,63
"Rothia_mucilaginosa_M508",46,19,65
"Rothia_mucilaginosa_NUM_Rm6536",46,11,57
"Ruminococcus_albus_7",41,17,58
"Ruminococcus_albus_8",45,17,62
"Ruminococcus_bicirculans_80_3",49,9,58
"Ruminococcus_bicirculans_ERR1022350",51,9,60
"Ruminococcus_bicirculans_ERR1022408",50,11,61
"Ruminococcus_bicirculans_ERR1022485",51,9,60
"Ruminococcus_bicirculans_ERR2221172",50,10,60
"Ruminococcus_bicirculans_ERR2230101",51,10,61
"Ruminococcus_bromii_ATCC_27255",47,10,57
"Ruminococcus_bromii_ERR1022486",33,13,46
"Ruminococcus_bromii_ERR2221220",33,13,46
"Ruminococcus_bromii_L2_63",29,10,39
"Ruminococcus_callidus_ATCC_2776001",47,12,59
"Ruminococcus_champanellensis_18P13",39,11,50
"Ruminococcus_flavefaciens_ATCC_19208",44,14,58
"Ruminococcus_flavefaciens_FD_1",38,15,53
"Ruminococcus_gauvreauii_DSM_19829",45,9,54
"Ruminococcus_gnavus_ATCC_29149",41,15,56
"Ruminococcus_lactaris_ATCC_29176",27,9,36
"Ruminococcus_obeum_A2_162",44,11,55
"Ruminococcus_torques_ATCC_27756",42,9,51
"Ruminococcus_torques_L2_14",42,10,52
"Ruthenibacterium_lactatiformans_585_1",48,8,56
"Ruthenibacterium_lactatiformans_668",49,9,58
"Salmonella_enterica_enterica_sv_Typhimurium_LT2",48,20,68
"Salmonella_enterica_subsp_arizonae_serovar_62_z4_z23",62,32,94
"Salmonella_enterica_subsp_enterica_serovar_4512i_str_CVM23701",55,35,90
"Salmonella_enterica_subsp_enterica_serovar_Agona_str_01_O_05",55,29,84
"Salmonella_enterica_subsp_enterica_serovar_Agona_str_02_O_05",59,38,97
"Salmonella_enterica_subsp_enterica_serovar_Agona_str_03_O_05",63,40,103
"Salmonella_enterica_subsp_enterica_serovar_Agona_str_04_O_05",63,39,102
"Salmonella_enterica_subsp_enterica_serovar_Agona_str_05_O_06",63,39,102
"Salmonella_enterica_subsp_enterica_serovar_Agona_str_06_O_05",63,40,103
"Salmonella_enterica_subsp_enterica_serovar_Agona_str_07_O_05",63,40,103
"Salmonella_enterica_subsp_enterica_serovar_Agona_str_08_A_05",62,42,104
"Salmonella_enterica_subsp_enterica_serovar_Agona_str_10_A_05",63,40,103
"Salmonella_enterica_subsp_enterica_serovar_Agona_str_11_A_05",61,39,100
"Salmonella_enterica_subsp_enterica_serovar_Agona_str_12_A_06",60,38,98
"Salmonella_enterica_subsp_enterica_serovar_Agona_str_13_E_05",63,40,103
"Salmonella_enterica_subsp_enterica_serovar_Agona_str_14_E_05",62,39,101
"Salmonella_enterica_subsp_enterica_serovar_Agona_str_15_H_03",63,41,104
"Salmonella_enterica_subsp_enterica_serovar_Agona_str_17_H_06",65,40,105
"Salmonella_enterica_subsp_enterica_serovar_Agona_str_18_H_07",63,41,104
"Salmonella_enterica_subsp_enterica_serovar_Agona_str_19_F_03",62,39,101
"Salmonella_enterica_subsp_enterica_serovar_Agona_str_20_H_06",61,39,100
"Salmonella_enterica_subsp_enterica_serovar_Agona_str_21_H_10",63,39,102
"Salmonella_enterica_subsp_enterica_serovar_Agona_str_22_H_04",63,41,104
"Salmonella_enterica_subsp_enterica_serovar_Agona_str_23_F_01",62,40,102
"Salmonella_enterica_subsp_enterica_serovar_Agona_str_24_H_04",65,39,104
"Salmonella_enterica_subsp_enterica_serovar_Agona_str_26_F_98",64,39,103
"Salmonella_enterica_subsp_enterica_serovar_Agona_str_27_O_98",63,39,102
"Salmonella_enterica_subsp_enterica_serovar_Agona_str_28_O_08",62,39,101
"Salmonella_enterica_subsp_enterica_serovar_Agona_str_29_O_08",62,40,102
"Salmonella_enterica_subsp_enterica_serovar_Agona_str_30_H_04",62,39,101
"Salmonella_enterica_subsp_enterica_serovar_Agona_str_31_H_09",63,39,102
"Salmonella_enterica_subsp_enterica_serovar_Agona_str_32_A_00",64,42,106
"Salmonella_enterica_subsp_enterica_serovar_Agona_str_33_A_05",64,40,104
"Salmonella_enterica_subsp_enterica_serovar_Agona_str_34_H_09",65,40,105
"Salmonella_enterica_subsp_enterica_serovar_Agona_str_35_H_08",63,40,103
"Salmonella_enterica_subsp_enterica_serovar_Agona_str_36_H_00",65,41,106
"Salmonella_enterica_subsp_enterica_serovar_Agona_str_37_F_02",66,41,107
"Salmonella_enterica_subsp_enterica_serovar_Agona_str_38_O_03",63,41,104
"Salmonella_enterica_subsp_enterica_serovar_Agona_str_39_O_03",66,40,106
"Salmonella_enterica_subsp_enterica_serovar_Agona_str_40_E_08",63,39,102
"Salmonella_enterica_subsp_enterica_serovar_Agona_str_41_E_09",63,40,103
"Salmonella_enterica_subsp_enterica_serovar_Agona_str_42_E_09",63,38,101
"Salmonella_enterica_subsp_enterica_serovar_Agona_str_43_E_09",61,39,100
"Salmonella_enterica_subsp_enterica_serovar_Agona_str_45_E_09",63,39,102
"Salmonella_enterica_subsp_enterica_serovar_Agona_str_46_E_09",65,41,106
"Salmonella_enterica_subsp_enterica_serovar_Agona_str_48_E_08",64,40,104
"Salmonella_enterica_subsp_enterica_serovar_Agona_str_49_E_09",63,40,103
"Salmonella_enterica_subsp_enterica_serovar_Agona_str_50_E_08",60,37,97
"Salmonella_enterica_subsp_enterica_serovar_Agona_str_51_E_09",63,39,102
"Salmonella_enterica_subsp_enterica_serovar_Agona_str_52_F_08",60,37,97
"Salmonella_enterica_subsp_enterica_serovar_Agona_str_53_F_08",65,41,106
"Salmonella_enterica_subsp_enterica_serovar_Agona_str_54_O_08",62,40,102
"Salmonella_enterica_subsp_enterica_serovar_Agona_str_55_U_08",65,40,105
"Salmonella_enterica_subsp_enterica_serovar_Agona_str_56_O_08",63,40,103
"Salmonella_enterica_subsp_enterica_serovar_Agona_str_57_A_08",60,39,99
"Salmonella_enterica_subsp_enterica_serovar_Agona_str_58_E_08",62,38,100
"Salmonella_enterica_subsp_enterica_serovar_Agona_str_59_F_08",62,38,100
"Salmonella_enterica_subsp_enterica_serovar_Agona_str_60_O_08",64,39,103
"Salmonella_enterica_subsp_enterica_serovar_Agona_str_61_O_08",65,40,105
"Salmonella_enterica_subsp_enterica_serovar_Agona_str_62_H_72",61,39,100
"Salmonella_enterica_subsp_enterica_serovar_Agona_str_63_H_87",63,39,102
"Salmonella_enterica_subsp_enterica_serovar_Agona_str_64_H_00",60,39,99
"Salmonella_enterica_subsp_enterica_serovar_Agona_str_65_H_72",65,39,104
"Salmonella_enterica_subsp_enterica_serovar_Agona_str_66_F_99",62,39,101
"Salmonella_enterica_subsp_enterica_serovar_Agona_str_67_H_09",63,41,104
"Salmonella_enterica_subsp_enterica_serovar_Agona_str_68_U_05",61,39,100
"Salmonella_enterica_subsp_enterica_serovar_Agona_str_69_H_06",64,39,103
"Salmonella_enterica_subsp_enterica_serovar_Agona_str_70_E_05",62,39,101
"Salmonella_enterica_subsp_enterica_serovar_Agona_str_71_E_05",64,41,105
"Salmonella_enterica_subsp_enterica_serovar_Agona_str_72_A_52",64,37,101
"Salmonella_enterica_subsp_enterica_serovar_Agona_str_73_H_09",63,39,102
"Salmonella_enterica_subsp_enterica_serovar_Agona_str_SH08SF124",62,40,102
"Salmonella_enterica_subsp_enterica_serovar_Agona_str_SH10GFN094",63,39,102
"Salmonella_enterica_subsp_enterica_serovar_Agona_str_SH11G1113",62,38,100
"Salmonella_enterica_subsp_enterica_serovar_Agona_str_SL483",64,41,105
"Salmonella_enterica_subsp_enterica_serovar_Anatum_str_06_0532",69,43,112
"Salmonella_enterica_subsp_enterica_serovar_Bareilly_str_06_0784",70,43,113
"Salmonella_enterica_subsp_enterica_serovar_Bareilly_str_07_0873",62,41,103
"Salmonella_enterica_subsp_enterica_serovar_Choleraesuis_str",64,41,105
"Salmonella_enterica_subsp_enterica_serovar_Choleraesuis_str_A50",60,36,96
"Salmonella_enterica_subsp_enterica_serovar_Dublin_str_3246",64,33,97
"Salmonella_enterica_subsp_enterica_serovar_Dublin_str_CT_02021853",71,45,116
"Salmonella_enterica_subsp_enterica_serovar_Dublin_str_HWS51",63,33,96
"Salmonella_enterica_subsp_enterica_serovar_Dublin_str_SL1438",70,43,113
"Salmonella_enterica_subsp_enterica_serovar_Dublin_str_UC16",70,42,112
"Salmonella_enterica_subsp_enterica_serovar_Enteritidis_str_08_0128",53,18,71
"Salmonella_enterica_subsp_enterica_serovar_Enteritidis_str_08_0627",46,21,67
"Salmonella_enterica_subsp_enterica_serovar_Enteritidis_str_13_1",65,42,107
"Salmonella_enterica_subsp_enterica_serovar_Enteritidis_str_17927",66,40,106
"Salmonella_enterica_subsp_enterica_serovar_Enteritidis_str_18569",65,41,106
"Salmonella_enterica_subsp_enterica_serovar_Enteritidis_str_20037",63,40,103
"Salmonella_enterica_subsp_enterica_serovar_Enteritidis_str_2010K_0669",49,19,68
"Salmonella_enterica_subsp_enterica_serovar_Enteritidis_str_2010K_2599",48,16,64
"Salmonella_enterica_subsp_enterica_serovar_Enteritidis_str_2010_1237",51,19,70
"Salmonella_enterica_subsp_enterica_serovar_Enteritidis_str_22510_1",52,19,71
"Salmonella_enterica_subsp_enterica_serovar_Enteritidis_str_33944",58,34,92
"Salmonella_enterica_subsp_enterica_serovar_Enteritidis_str_485549_17",47,20,67
"Salmonella_enterica_subsp_enterica_serovar_Enteritidis_str_50_3079",48,21,69
"Salmonella_enterica_subsp_enterica_serovar_Enteritidis_str_53_407",63,39,102
"Salmonella_enterica_subsp_enterica_serovar_Enteritidis_str_543463_22_17",55,18,73
"Salmonella_enterica_subsp_enterica_serovar_Enteritidis_str_543463_40_18",51,19,70
"Salmonella_enterica_subsp_enterica_serovar_Enteritidis_str_543463_42_20",54,16,70
"Salmonella_enterica_subsp_enterica_serovar_Enteritidis_str_561362_1_1",49,19,68
"Salmonella_enterica_subsp_enterica_serovar_Enteritidis_str_561362_9_7",51,19,70
"Salmonella_enterica_subsp_enterica_serovar_Enteritidis_str_576709",60,39,99
"Salmonella_enterica_subsp_enterica_serovar_Enteritidis_str_58_6482",49,21,70
"Salmonella_enterica_subsp_enterica_serovar_Enteritidis_str_596866_22",51,22,73
"Salmonella_enterica_subsp_enterica_serovar_Enteritidis_str_596866_70",49,18,67
"Salmonella_enterica_subsp_enterica_serovar_Enteritidis_str_607307_2",46,20,66
"Salmonella_enterica_subsp_enterica_serovar_Enteritidis_str_607307_6",46,20,66
"Salmonella_enterica_subsp_enterica_serovar_Enteritidis_str_607308_16",50,20,70
"Salmonella_enterica_subsp_enterica_serovar_Enteritidis_str_607308_19",46,20,66
"Salmonella_enterica_subsp_enterica_serovar_Enteritidis_str_607308_9",50,19,69
"Salmonella_enterica_subsp_enterica_serovar_Enteritidis_str_622731_39",46,20,66
"Salmonella_enterica_subsp_enterica_serovar_Enteritidis_str_629163",63,40,103
"Salmonella_enterica_subsp_enterica_serovar_Enteritidis_str_629164_26",52,19,71
"Salmonella_enterica_subsp_enterica_serovar_Enteritidis_str_629164_37",50,24,74
"Salmonella_enterica_subsp_enterica_serovar_Enteritidis_str_62_1976",53,18,71
"Salmonella_enterica_subsp_enterica_serovar_Enteritidis_str_635290_58",50,19,69
"Salmonella_enterica_subsp_enterica_serovar_Enteritidis_str_638970_15",46,20,66
"Salmonella_enterica_subsp_enterica_serovar_Enteritidis_str_639016_6",46,20,66
"Salmonella_enterica_subsp_enterica_serovar_Enteritidis_str_639672_46",52,19,71
"Salmonella_enterica_subsp_enterica_serovar_Enteritidis_str_639672_50",47,18,65
"Salmonella_enterica_subsp_enterica_serovar_Enteritidis_str_640631",62,40,102
"Salmonella_enterica_subsp_enterica_serovar_Enteritidis_str_642044_4_1",49,21,70
"Salmonella_enterica_subsp_enterica_serovar_Enteritidis_str_642044_8_1",48,21,69
"Salmonella_enterica_subsp_enterica_serovar_Enteritidis_str_642046_4_7",57,40,97
"Salmonella_enterica_subsp_enterica_serovar_Enteritidis_str_648898_4_5",65,41,106
"Salmonella_enterica_subsp_enterica_serovar_Enteritidis_str_648899_3_17",64,41,105
"Salmonella_enterica_subsp_enterica_serovar_Enteritidis_str_648900_1_16",62,40,102
"Salmonella_enterica_subsp_enterica_serovar_Enteritidis_str_648901_16_16",48,21,69
"Salmonella_enterica_subsp_enterica_serovar_Enteritidis_str_648901_1_17",48,21,69
"Salmonella_enterica_subsp_enterica_serovar_Enteritidis_str_648901_39_2",47,19,66
"Salmonella_enterica_subsp_enterica_serovar_Enteritidis_str_648901_6_18",48,21,69
"Salmonella_enterica_subsp_enterica_serovar_Enteritidis_str_648902_6_8",62,40,102
"Salmonella_enterica_subsp_enterica_serovar_Enteritidis_str_648903_1_6",63,41,104
"Salmonella_enterica_subsp_enterica_serovar_Enteritidis_str_648904_3_6",65,40,105
"Salmonella_enterica_subsp_enterica_serovar_Enteritidis_str_648905_5_18",62,40,102
"Salmonella_enterica_subsp_enterica_serovar_Enteritidis_str_653049_13_19",64,40,104
"Salmonella_enterica_subsp_enterica_serovar_Enteritidis_str_77_0424",52,18,70
"Salmonella_enterica_subsp_enterica_serovar_Enteritidis_str_77_1427",52,21,73
"Salmonella_enterica_subsp_enterica_serovar_Enteritidis_str_77_2659",53,18,71
"Salmonella_enterica_subsp_enterica_serovar_Enteritidis_str_78_1757",52,21,73
"Salmonella_enterica_subsp_enterica_serovar_Enteritidis_str_81_2625",45,18,63
"Salmonella_enterica_subsp_enterica_serovar_Enteritidis_str_8b_1",62,41,103
"Salmonella_enterica_subsp_enterica_serovar_Enteritidis_str_CDC_2010K_0895",50,19,69
"Salmonella_enterica_subsp_enterica_serovar_Enteritidis_str_CDC_2010K_0899",46,20,66
"Salmonella_enterica_subsp_enterica_serovar_Enteritidis_str_CDC_2010K_0956",46,20,66
"Salmonella_enterica_subsp_enterica_serovar_Enteritidis_str_CDC_2010K_0968",51,19,70
"Salmonella_enterica_subsp_enterica_serovar_Enteritidis_str_CDC_2010K_1010",50,17,67
"Salmonella_enterica_subsp_enterica_serovar_Enteritidis_str_CDC_2010K_1018",52,19,71
"Salmonella_enterica_subsp_enterica_serovar_Enteritidis_str_CDC_2010K_1441",49,18,67
"Salmonella_enterica_subsp_enterica_serovar_Enteritidis_str_CDC_2010K_1444",47,18,65
"Salmonella_enterica_subsp_enterica_serovar_Enteritidis_str_CDC_2010K_1445",47,20,67
"Salmonella_enterica_subsp_enterica_serovar_Enteritidis_str_CDC_2010K_1455",48,18,66
"Salmonella_enterica_subsp_enterica_serovar_Enteritidis_str_CDC_2010K_1457",49,18,67
"Salmonella_enterica_subsp_enterica_serovar_Enteritidis_str_CDC_2010K_1543",47,20,67
"Salmonella_enterica_subsp_enterica_serovar_Enteritidis_str_CDC_2010K_1558",46,20,66
"Salmonella_enterica_subsp_enterica_serovar_Enteritidis_str_CDC_2010K_1559",47,20,67
"Salmonella_enterica_subsp_enterica_serovar_Enteritidis_str_CDC_2010K_1565",51,19,70
"Salmonella_enterica_subsp_enterica_serovar_Enteritidis_str_CDC_2010K_1566",52,19,71
"Salmonella_enterica_subsp_enterica_serovar_Enteritidis_str_CDC_2010K_1575",50,17,67
"Salmonella_enterica_subsp_enterica_serovar_Enteritidis_str_CDC_2010K_1580",52,19,71
"Salmonella_enterica_subsp_enterica_serovar_Enteritidis_str_CDC_2010K_1594",46,20,66
"Salmonella_enterica_subsp_enterica_serovar_Enteritidis_str_CDC_2010K_1725",46,20,66
"Salmonella_enterica_subsp_enterica_serovar_Enteritidis_str_CDC_2010K_1729",46,20,66
"Salmonella_enterica_subsp_enterica_serovar_Enteritidis_str_CDC_2010K_1745",46,20,66
"Salmonella_enterica_subsp_enterica_serovar_Enteritidis_str_CDC_2010K_1747",46,20,66
"Salmonella_enterica_subsp_enterica_serovar_Enteritidis_str_CDC_2010K_1791",52,19,71
"Salmonella_enterica_subsp_enterica_serovar_Enteritidis_str_CDC_2010K_1795",51,20,71
"Salmonella_enterica_subsp_enterica_serovar_Enteritidis_str_CDC_2010K_1808",46,20,66
"Salmonella_enterica_subsp_enterica_serovar_Enteritidis_str_CDC_2010K_1810",50,19,69
"Salmonella_enterica_subsp_enterica_serovar_Enteritidis_str_CDC_2010K_1811",46,20,66
"Salmonella_enterica_subsp_enterica_serovar_Enteritidis_str_CDC_2010K_1882",49,20,69
"Salmonella_enterica_subsp_enterica_serovar_Enteritidis_str_CDC_2010K_1884",52,19,71
"Salmonella_enterica_subsp_enterica_serovar_Enteritidis_str_CHS4",64,41,105
"Salmonella_enterica_subsp_enterica_serovar_Enteritidis_str_CHS44",63,41,104
"Salmonella_enterica_subsp_enterica_serovar_Enteritidis_str_CVM_56_3991",51,18,69
"Salmonella_enterica_subsp_enterica_serovar_Enteritidis_str_CVM_69_4941",49,22,71
"Salmonella_enterica_subsp_enterica_serovar_Enteritidis_str_CVM_76_3618",53,18,71
"Salmonella_enterica_subsp_enterica_serovar_Enteritidis_str_CVM_81_2490",50,17,67
"Salmonella_enterica_subsp_enterica_serovar_Enteritidis_str_CVM_N202",53,17,70
"Salmonella_enterica_subsp_enterica_serovar_Enteritidis_str_LA5",62,40,102
"Salmonella_enterica_subsp_enterica_serovar_Enteritidis_str_P125109",51,19,70
"Salmonella_enterica_subsp_enterica_serovar_Enteritidis_str_PT23",60,40,100
"Salmonella_enterica_subsp_enterica_serovar_Enteritidis_str_SARB17",65,41,106
"Salmonella_enterica_subsp_enterica_serovar_Enteritidis_str_SE10",62,40,102
"Salmonella_enterica_subsp_enterica_serovar_Enteritidis_str_SE15_1",63,41,104
"Salmonella_enterica_subsp_enterica_serovar_Enteritidis_str_SE8a",62,41,103
"Salmonella_enterica_subsp_enterica_serovar_Enteritidis_str_SL909",61,40,101
"Salmonella_enterica_subsp_enterica_serovar_Enteritidis_str_SL913",61,40,101
"Salmonella_enterica_subsp_enterica_serovar_Gallinarum_pullorum_str_RKS5078",52,18,70
"Salmonella_enterica_subsp_enterica_serovar_Gallinarum_str_287_91",66,43,109
"Salmonella_enterica_subsp_enterica_serovar_Gallinarum_str_9",51,18,69
"Salmonella_enterica_subsp_enterica_serovar_Gallinarum_str_9184",67,42,109
"Salmonella_enterica_subsp_enterica_serovar_Hadar_str_2011K_0112",70,44,114
"Salmonella_enterica_subsp_enterica_serovar_Hadar_str_2012K_0272",67,41,108
"Salmonella_enterica_subsp_enterica_serovar_Hadar_str_RI_05P066",59,36,95
"Salmonella_enterica_subsp_enterica_serovar_Hartford_str_06_0676",70,43,113
"Salmonella_enterica_subsp_enterica_serovar_Hartford_str_2012K_0272",69,42,111
"Salmonella_enterica_subsp_enterica_serovar_Heidelberg_str_41563",66,43,109
"Salmonella_enterica_subsp_enterica_serovar_Heidelberg_str_41565",66,43,109
"Salmonella_enterica_subsp_enterica_serovar_Heidelberg_str_41566",62,40,102
"Salmonella_enterica_subsp_enterica_serovar_Heidelberg_str_41573",66,42,108
"Salmonella_enterica_subsp_enterica_serovar_Heidelberg_str_41579",64,41,105
"Salmonella_enterica_subsp_enterica_serovar_Heidelberg_str_B182",67,42,109
"Salmonella_enterica_subsp_enterica_serovar_Heidelberg_str_CFSAN00322",50,20,70
"Salmonella_enterica_subsp_enterica_serovar_Heidelberg_str_CFSAN00325",52,17,69
"Salmonella_enterica_subsp_enterica_serovar_Heidelberg_str_CFSAN00326",49,18,67
"Salmonella_enterica_subsp_enterica_serovar_Heidelberg_str_CFSAN00328",49,20,69
"Salmonella_enterica_subsp_enterica_serovar_Heidelberg_str_SL476",66,43,109
"Salmonella_enterica_subsp_enterica_serovar_Heidelberg_str_SL486",61,37,98
"Salmonella_enterica_subsp_enterica_serovar_Infantis_str_SARB27",68,47,115
"Salmonella_enterica_subsp_enterica_serovar_Javiana_str_CFSAN001992",50,22,72
"Salmonella_enterica_subsp_enterica_serovar_Javiana_str_GA_MM04042433",51,20,71
"Salmonella_enterica_subsp_enterica_serovar_Kentucky_str_CDC_191",59,35,94
"Salmonella_enterica_subsp_enterica_serovar_Kentucky_str_CVM29188",63,40,103
"Salmonella_enterica_subsp_enterica_serovar_Mbandaka_str_2009K_0807",67,42,109
"Salmonella_enterica_subsp_enterica_serovar_Mississippi_str_2010K_1406",64,40,104
"Salmonella_enterica_subsp_enterica_serovar_Montevideo_str_19N",66,44,110
"Salmonella_enterica_subsp_enterica_serovar_Montevideo_str_29N",62,42,104
"Salmonella_enterica_subsp_enterica_serovar_Montevideo_str_366867",70,42,112
"Salmonella_enterica_subsp_enterica_serovar_Montevideo_str_413180",69,42,111
"Salmonella_enterica_subsp_enterica_serovar_Montevideo_str_414877",68,43,111
"Salmonella_enterica_subsp_enterica_serovar_Montevideo_str_42N",66,42,108
"Salmonella_enterica_subsp_enterica_serovar_Montevideo_str_4441_H",64,42,106
"Salmonella_enterica_subsp_enterica_serovar_Montevideo_str_531954",63,39,102
"Salmonella_enterica_subsp_enterica_serovar_Montevideo_str_556152",67,40,107
"Salmonella_enterica_subsp_enterica_serovar_Montevideo_str_609460",67,42,109
"Salmonella_enterica_subsp_enterica_serovar_Montevideo_str_80959_06",54,23,77
"Salmonella_enterica_subsp_enterica_serovar_Montevideo_str_ATCC_BAA710",49,18,67
"Salmonella_enterica_subsp_enterica_serovar_Montevideo_str_CT_02035278",52,21,73
"Salmonella_enterica_subsp_enterica_serovar_Montevideo_str_CT_02035318",56,20,76
"Salmonella_enterica_subsp_enterica_serovar_Montevideo_str_CT_02035320",51,20,71
"Salmonella_enterica_subsp_enterica_serovar_Montevideo_str_CT_02035321",54,20,74
"Salmonella_enterica_subsp_enterica_serovar_Montevideo_str_CT_02035327",53,23,76
"Salmonella_enterica_subsp_enterica_serovar_Montevideo_str_IA_2010008286",52,21,73
"Salmonella_enterica_subsp_enterica_serovar_Montevideo_str_LQC_10",63,44,107
"Salmonella_enterica_subsp_enterica_serovar_Montevideo_str_SARB30",64,43,107
"Salmonella_enterica_subsp_enterica_serovar_Montevideo_str_SARB31",63,42,105
"Salmonella_enterica_subsp_enterica_serovar_Muenchen_str_08_1125",63,39,102
"Salmonella_enterica_subsp_enterica_serovar_Muenchen_str_2009K_0951",49,23,72
"Salmonella_enterica_subsp_enterica_serovar_Newport_str_CVM_19443",69,42,111
"Salmonella_enterica_subsp_enterica_serovar_Newport_str_CVM_19447",68,42,110
"Salmonella_enterica_subsp_enterica_serovar_Newport_str_CVM_19449",69,43,112
"Salmonella_enterica_subsp_enterica_serovar_Newport_str_CVM_19470",72,43,115
"Salmonella_enterica_subsp_enterica_serovar_Newport_str_CVM_19536",66,41,107
"Salmonella_enterica_subsp_enterica_serovar_Newport_str_CVM_19567",68,42,110
"Salmonella_enterica_subsp_enterica_serovar_Newport_str_CVM_19593",69,42,111
"Salmonella_enterica_subsp_enterica_serovar_Newport_str_CVM_21538",68,39,107
"Salmonella_enterica_subsp_enterica_serovar_Newport_str_CVM_21539",68,42,110
"Salmonella_enterica_subsp_enterica_serovar_Newport_str_CVM_21550",66,40,106
"Salmonella_enterica_subsp_enterica_serovar_Newport_str_CVM_21554",47,17,64
"Salmonella_enterica_subsp_enterica_serovar_Newport_str_CVM_21559",70,42,112
"Salmonella_enterica_subsp_enterica_serovar_Newport_str_CVM_22425",65,39,104
"Salmonella_enterica_subsp_enterica_serovar_Newport_str_CVM_22513",65,41,106
"Salmonella_enterica_subsp_enterica_serovar_Newport_str_CVM_33953",69,42,111
"Salmonella_enterica_subsp_enterica_serovar_Newport_str_CVM_35185",69,43,112
"Salmonella_enterica_subsp_enterica_serovar_Newport_str_CVM_35188",69,42,111
"Salmonella_enterica_subsp_enterica_serovar_Newport_str_CVM_35199",70,42,112
"Salmonella_enterica_subsp_enterica_serovar_Newport_str_CVM_35202",69,42,111
"Salmonella_enterica_subsp_enterica_serovar_Newport_str_CVM_37978",70,43,113
"Salmonella_enterica_subsp_enterica_serovar_Newport_str_CVM_4176",69,43,112
"Salmonella_enterica_subsp_enterica_serovar_Newport_str_CVM_N1543",68,43,111
"Salmonella_enterica_subsp_enterica_serovar_Newport_str_CVM_N18486",69,42,111
"Salmonella_enterica_subsp_enterica_serovar_Newport_str_Henan_3",65,41,106
"Salmonella_enterica_subsp_enterica_serovar_Newport_str_JS09102",68,41,109
"Salmonella_enterica_subsp_enterica_serovar_Newport_str_Levine_1",70,43,113
"Salmonella_enterica_subsp_enterica_serovar_Newport_str_Levine_15",68,41,109
"Salmonella_enterica_subsp_enterica_serovar_Newport_str_SH111077",71,43,114
"Salmonella_enterica_subsp_enterica_serovar_Newport_str_SL254",71,43,114
"Salmonella_enterica_subsp_enterica_serovar_Newport_str_SL317",67,42,109
"Salmonella_enterica_subsp_enterica_serovar_Newport_str_Shandong_3",69,42,111
"Salmonella_enterica_subsp_enterica_serovar_Paratyphi_A_str_AKU_12601",52,18,70
"Salmonella_enterica_subsp_enterica_serovar_Paratyphi_A_str_ATCC_9150",62,37,99
"Salmonella_enterica_subsp_enterica_serovar_Paratyphi_A_str_GXS2268",50,18,68
"Salmonella_enterica_subsp_enterica_serovar_Paratyphi_A_str_GZ9A00052",49,14,63
"Salmonella_enterica_subsp_enterica_serovar_Paratyphi_A_str_JX05_19",52,16,68
"Salmonella_enterica_subsp_enterica_serovar_Paratyphi_A_str_ZJ98_53",48,17,65
"Salmonella_enterica_subsp_enterica_serovar_Paratyphi_B_str_SPB7",71,44,115
"Salmonella_enterica_subsp_enterica_serovar_Paratyphi_C_strain",71,43,114
"Salmonella_enterica_subsp_enterica_serovar_Pomona_str_ATCC_10729",66,46,112
"Salmonella_enterica_subsp_enterica_serovar_Poona_str_2010K_2244",62,43,105
"Salmonella_enterica_subsp_enterica_serovar_Saintpaul_str_SARA23",67,44,111
"Salmonella_enterica_subsp_enterica_serovar_Schwarzengrund_str_CVM19633",51,25,76
"Salmonella_enterica_subsp_enterica_serovar_Schwarzengrund_str_SL480",49,24,73
"Salmonella_enterica_subsp_enterica_serovar_Senftenberg_str_SS209",63,42,105
"Salmonella_enterica_subsp_enterica_serovar_Stanley_str_06_0538",69,43,112
"Salmonella_enterica_subsp_enterica_serovar_Tennessee_str_CDC07_0191",47,18,65
"Salmonella_enterica_subsp_enterica_serovar_Thompson_str_2010K_1863",53,16,69
"Salmonella_enterica_subsp_enterica_serovar_Typhi_str_BL196",63,39,102
"Salmonella_enterica_subsp_enterica_serovar_Typhi_str_CR0044",64,41,105
"Salmonella_enterica_subsp_enterica_serovar_Typhi_str_CT18",64,40,104
"Salmonella_enterica_subsp_enterica_serovar_Typhi_str_E98_3139",50,18,68
"Salmonella_enterica_subsp_enterica_serovar_Typhi_str_P_stx_12",62,40,102
"Salmonella_enterica_subsp_enterica_serovar_Typhi_str_ST0208",62,40,102
"Salmonella_enterica_subsp_enterica_serovar_Typhi_str_Ty2",62,42,104
"Salmonella_enterica_subsp_enterica_serovar_Typhi_str_Ty21a",62,40,102
"Salmonella_enterica_subsp_enterica_serovar_Typhimurium_ATCC_14028",49,16,65
"Salmonella_enterica_subsp_enterica_serovar_Typhimurium_str_14028S",60,39,99
"Salmonella_enterica_subsp_enterica_serovar_Typhimurium_str_4_74",51,20,71
"Salmonella_enterica_subsp_enterica_serovar_Typhimurium_str_D23580",62,41,103
"Salmonella_enterica_subsp_enterica_serovar_Typhimurium_str_SL1344",65,42,107
"Salmonella_enterica_subsp_enterica_serovar_Typhimurium_str_ST1660_06",52,25,77
"Salmonella_enterica_subsp_enterica_serovar_Typhimurium_str_STm1",63,42,105
"Salmonella_enterica_subsp_enterica_serovar_Typhimurium_str_STm10",64,43,107
"Salmonella_enterica_subsp_enterica_serovar_Typhimurium_str_STm11",64,41,105
"Salmonella_enterica_subsp_enterica_serovar_Typhimurium_str_STm12",64,43,107
"Salmonella_enterica_subsp_enterica_serovar_Typhimurium_str_STm2",63,39,102
"Salmonella_enterica_subsp_enterica_serovar_Typhimurium_str_STm3",63,41,104
"Salmonella_enterica_subsp_enterica_serovar_Typhimurium_str_STm4",64,41,105
"Salmonella_enterica_subsp_enterica_serovar_Typhimurium_str_STm6",59,39,98
"Salmonella_enterica_subsp_enterica_serovar_Typhimurium_str_STm8",64,43,107
"Salmonella_enterica_subsp_enterica_serovar_Typhimurium_str_STm9",62,42,104
"Salmonella_enterica_subsp_enterica_serovar_Typhimurium_str_T000240",50,23,73
"Salmonella_enterica_subsp_enterica_serovar_Typhimurium_str_TN061786",59,33,92
"Salmonella_enterica_subsp_enterica_serovar_Typhimurium_str_U288",65,41,106
"Salmonella_enterica_subsp_enterica_serovar_Typhimurium_str_UK_1",60,39,99
"Salmonella_enterica_subsp_enterica_serovar_Virchow_str_SL491",70,43,113
"Salmonella_enterica_subsp_enterica_serovar_Weltevreden_str_2007_60_3289_1",51,22,73
"Salmonella_enterica_subsp_houtenae_serovar_16_z4_z32_str_RKS3027",50,18,68
"Salmonella_enterica_subsp_houtenae_str_ATCC_BAA_1581",60,40,100
"Salmonella_enterica_subsp_salamae_str_3588_07",67,42,109
"Sarcina_ventriculi_ERR1022374",48,11,59
"Scardovia_wiggsiae_F0424",48,12,60
"Selenomonas_ruminantium_AC2024",51,11,62
"Selenomonas_ruminantium_L14",48,13,61
"Selenomonas_ruminantium_subsp_ruminantium_ATCC_12561",46,15,61
"Sellimonas_intestinalis_BR72",41,11,52
"Serratia_marcescens_LCT_SM213",56,29,85
"Serratia_marcescens_UCI88",49,17,66
"Serratia_marcescens_WW4",54,29,83
"Serratia_marcescens_subsp_marcescens_Db11",51,14,65
"Shigella_dysenteriae_155_74",49,17,66
"Shigella_dysenteriae_1617",49,25,74
"Shigella_dysenteriae_225_75",49,19,68
"Shigella_dysenteriae_CDC_74_1112",50,20,70
"Shigella_dysenteriae_Sd197",49,21,70
"Shigella_flexneri_1485_80",50,15,65
"Shigella_flexneri_2002017",53,21,74
"Shigella_flexneri_2747_71",51,17,68
"Shigella_flexneri_2850_71",49,19,68
"Shigella_flexneri_2930_71",50,17,67
"Shigella_flexneri_2a_str_2457T",52,17,69
"Shigella_flexneri_2a_str_301",48,20,68
"Shigella_flexneri_2a_strain_BS1025",54,23,77
"Shigella_flexneri_4343_70",55,16,71
"Shigella_flexneri_5_str_8401",50,17,67
"Shigella_flexneri_5a_str_M90T",53,18,71
"Shigella_flexneri_6603_63",52,21,73
"Shigella_flexneri_CCH060",51,18,69
"Shigella_flexneri_CDC_796_83",52,12,64
"Shigella_flexneri_K_218",52,14,66
"Shigella_flexneri_K_227",49,19,68
"Shigella_flexneri_K_272",52,18,70
"Shigella_flexneri_K_304",55,15,70
"Shigella_flexneri_K_315",54,18,72
"Shigella_flexneri_SFJ17B",52,18,70
"Shigella_flexneri_VA_6",52,17,69
"Shigella_sonnei_3226_85",46,13,59
"Shigella_sonnei_3233_85",50,19,69
"Shigella_sonnei_4822_66",50,21,71
"Shigella_sonnei_53G",47,16,63
"Shigella_sonnei_FDAARGOS_128",50,14,64
"Shigella_sonnei_FDAARGOS_71",48,13,61
"Shigella_sonnei_Ss046",49,19,68
"Shigella_sonnei_str_Moseley",48,17,65
"Slackia_piriformis_YIT_12062",47,6,53
"Solobacterium_moorei_DSM_22971",53,10,63
"Solobacterium_moorei_F0204",53,11,64
"Staphylococcus_epidermidis_12142587",56,27,83
"Staphylococcus_epidermidis_14_1_R1_SE",56,26,82
"Staphylococcus_epidermidis_41tr",54,28,82
"Staphylococcus_epidermidis_528m",54,27,81
"Staphylococcus_epidermidis_A487",50,26,76
"Staphylococcus_epidermidis_ATCC_12228",61,30,91
"Staphylococcus_epidermidis_AU12_03",59,26,85
"Staphylococcus_epidermidis_BCM_HMP0060",58,25,83
"Staphylococcus_epidermidis_BVS058A4",59,27,86
"Staphylococcus_epidermidis_ERR2221338",52,19,71
"Staphylococcus_epidermidis_FRI909",59,27,86
"Staphylococcus_epidermidis_M0881",55,24,79
"Staphylococcus_epidermidis_M23864W2grey",57,30,87
"Staphylococcus_epidermidis_NIH04003",51,25,76
"Staphylococcus_epidermidis_NIH04008",58,27,85
"Staphylococcus_epidermidis_NIH05001",59,28,87
"Staphylococcus_epidermidis_NIH05003",60,26,86
"Staphylococcus_epidermidis_NIH05005",58,26,84
"Staphylococcus_epidermidis_NIH051475",57,23,80
"Staphylococcus_epidermidis_NIH051668",58,29,87
"Staphylococcus_epidermidis_NIH06004",60,27,87
"Staphylococcus_epidermidis_NIH08001",58,27,85
"Staphylococcus_epidermidis_NIHLM001",53,23,76
"Staphylococcus_epidermidis_NIHLM003",52,26,78
"Staphylococcus_epidermidis_NIHLM008",57,27,84
"Staphylococcus_epidermidis_NIHLM015",61,28,89
"Staphylococcus_epidermidis_NIHLM018",56,25,81
"Staphylococcus_epidermidis_NIHLM020",58,26,84
"Staphylococcus_epidermidis_NIHLM021",54,21,75
"Staphylococcus_epidermidis_NIHLM023",58,30,88
"Staphylococcus_epidermidis_NIHLM031",57,27,84
"Staphylococcus_epidermidis_NIHLM037",60,27,87
"Staphylococcus_epidermidis_NIHLM039",51,22,73
"Staphylococcus_epidermidis_NIHLM040",61,26,87
"Staphylococcus_epidermidis_NIHLM049",59,27,86
"Staphylococcus_epidermidis_NIHLM053",59,28,87
"Staphylococcus_epidermidis_NIHLM057",59,29,88
"Staphylococcus_epidermidis_NIHLM061",51,16,67
"Staphylococcus_epidermidis_NIHLM067",55,23,78
"Staphylococcus_epidermidis_NIHLM070",54,17,71
"Staphylococcus_epidermidis_NIHLM087",57,26,83
"Staphylococcus_epidermidis_NIHLM088",57,28,85
"Staphylococcus_epidermidis_NIHLM095",60,26,86
"Staphylococcus_epidermidis_RP62A",54,25,79
"Staphylococcus_epidermidis_SK135",61,25,86
"Staphylococcus_epidermidis_UC7032",58,28,86
"Staphylococcus_epidermidis_VCU028",57,27,84
"Staphylococcus_epidermidis_VCU037",52,26,78
"Staphylococcus_epidermidis_VCU041",58,29,87
"Staphylococcus_epidermidis_VCU045",57,28,85
"Staphylococcus_epidermidis_VCU065",56,24,80
"Staphylococcus_epidermidis_VCU071",50,23,73
"Staphylococcus_epidermidis_VCU081",56,22,78
"Staphylococcus_epidermidis_VCU105",56,23,79
"Staphylococcus_epidermidis_VCU109",59,27,86
"Staphylococcus_epidermidis_VCU117",58,26,84
"Staphylococcus_epidermidis_VCU118",60,28,88
"Staphylococcus_epidermidis_VCU120",53,24,77
"Staphylococcus_epidermidis_VCU123",51,25,76
"Staphylococcus_epidermidis_VCU125",60,26,86
"Staphylococcus_epidermidis_VCU126",58,27,85
"Staphylococcus_epidermidis_VCU127",59,27,86
"Staphylococcus_epidermidis_VCU128",59,25,84
"Staphylococcus_epidermidis_VCU129",57,27,84
"Staphylococcus_epidermidis_VCU144",58,27,85
"Staphylococcus_epidermidis_W23144",58,32,90
"Stenotrophomonas_maltophilia_ATCC_19867",36,19,55
"Stenotrophomonas_maltophilia_AU12_09",44,23,67
"Stenotrophomonas_maltophilia_Ab55555",40,24,64
"Stenotrophomonas_maltophilia_D457",41,16,57
"Stenotrophomonas_maltophilia_EPM1",37,23,60
"Stenotrophomonas_maltophilia_ISMMS3",34,12,46
"Stenotrophomonas_maltophilia_K279a",41,24,65
"Stenotrophomonas_maltophilia_PML168",32,18,50
"Stenotrophomonas_maltophilia_R551_3",43,25,68
"Stenotrophomonas_maltophilia_RR_10",43,23,66
"Streptococcus_anginosus_1_2_62CV",40,10,50
"Streptococcus_anginosus_CCUG_39159",49,13,62
"Streptococcus_anginosus_ERR2221320",44,10,54
"Streptococcus_anginosus_F0211",47,12,59
"Streptococcus_anginosus_SK1138",45,13,58
"Streptococcus_anginosus_SK52",44,13,57
"Streptococcus_australis_ATCC_700641",54,11,65
"Streptococcus_australis_ERR2221360",41,10,51
"Streptococcus_equinus_ATCC_9812",39,12,51
"Streptococcus_gordonii_str_Challis_substr_CH1",50,15,65
"Streptococcus_infantis_ATCC_700779",52,12,64
"Streptococcus_infantis_SK1076",42,9,51
"Streptococcus_infantis_SK970",41,10,51
"Streptococcus_infantis_X",44,11,55
"Streptococcus_mitis_11_5",43,11,54
"Streptococcus_mitis_13_39",46,14,60
"Streptococcus_mitis_ATCC_6249",43,13,56
"Streptococcus_mitis_B6",47,13,60
"Streptococcus_mitis_NCTC_12261",49,11,60
"Streptococcus_mitis_SK1073",44,15,59
"Streptococcus_mitis_SK1080",49,12,61
"Streptococcus_mitis_SK321",48,11,59
"Streptococcus_mitis_SK564",47,12,59
"Streptococcus_mitis_SK569",42,10,52
"Streptococcus_mitis_SK575",43,10,53
"Streptococcus_mitis_SK579",41,11,52
"Streptococcus_mitis_SK616",42,10,52
"Streptococcus_mitis_SPAR10",42,12,54
"Streptococcus_mitis_bv_2_str_F0392",47,13,60
"Streptococcus_mitis_bv_2_str_SK95",47,13,60
"Streptococcus_mutans_11A1",44,14,58
"Streptococcus_mutans_11SSST2",45,16,61
"Streptococcus_mutans_14D",44,15,59
"Streptococcus_mutans_15JP3",46,13,59
"Streptococcus_mutans_15VF2",46,14,60
"Streptococcus_mutans_1SM1",44,15,59
"Streptococcus_mutans_21",42,16,58
"Streptococcus_mutans_24",45,14,59
"Streptococcus_mutans_2ST1",46,13,59
"Streptococcus_mutans_2VS1",47,14,61
"Streptococcus_mutans_3SN1",47,14,61
"Streptococcus_mutans_4SM1",46,15,61
"Streptococcus_mutans_4VF1",43,14,57
"Streptococcus_mutans_5DC8",44,13,57
"Streptococcus_mutans_5SM3",45,14,59
"Streptococcus_mutans_66_2A",45,13,58
"Streptococcus_mutans_8ID3",43,12,55
"Streptococcus_mutans_A19",44,14,58
"Streptococcus_mutans_A9",45,16,61
"Streptococcus_mutans_AC4446",44,15,59
"Streptococcus_mutans_ATCC_25175",46,17,63
"Streptococcus_mutans_B",46,14,60
"Streptococcus_mutans_DSM_20523",44,14,58
"Streptococcus_mutans_ERR2221174",41,14,55
"Streptococcus_mutans_ERR2221288",40,13,53
"Streptococcus_mutans_G123",46,14,60
"Streptococcus_mutans_GS_5",45,16,61
"Streptococcus_mutans_KK21",43,14,57
"Streptococcus_mutans_KK23",44,13,57
"Streptococcus_mutans_M21",45,14,59
"Streptococcus_mutans_M230",47,13,60
"Streptococcus_mutans_M2A",44,15,59
"Streptococcus_mutans_N29",45,14,59
"Streptococcus_mutans_N3209",45,14,59
"Streptococcus_mutans_N34",46,14,60
"Streptococcus_mutans_N66",44,13,57
"Streptococcus_mutans_NCTC_11060",47,15,62
"Streptococcus_mutans_NFSM1",45,15,60
"Streptococcus_mutans_NFSM2",46,13,59
"Streptococcus_mutans_NLML1",44,14,58
"Streptococcus_mutans_NLML4",48,14,62
"Streptococcus_mutans_NLML5",46,14,60
"Streptococcus_mutans_NLML8",48,15,63
"Streptococcus_mutans_NLML9",45,14,59
"Streptococcus_mutans_NMT4863",46,14,60
"Streptococcus_mutans_NN2025",43,15,58
"Streptococcus_mutans_NV1996",48,15,63
"Streptococcus_mutans_NVAB",44,14,58
"Streptococcus_mutans_OMZ175",48,14,62
"Streptococcus_mutans_R221",47,13,60
"Streptococcus_mutans_S1B",46,13,59
"Streptococcus_mutans_SA38",46,14,60
"Streptococcus_mutans_SA41",46,13,59
"Streptococcus_mutans_SF1",45,14,59
"Streptococcus_mutans_SF12",45,14,59
"Streptococcus_mutans_SF14",46,15,61
"Streptococcus_mutans_SM1",46,13,59
"Streptococcus_mutans_SM4",46,15,61
"Streptococcus_mutans_SM6",45,14,59
"Streptococcus_mutans_ST1",45,14,59
"Streptococcus_mutans_ST6",44,14,58
"Streptococcus_mutans_T4",47,13,60
"Streptococcus_mutans_TCI_116",43,13,56
"Streptococcus_mutans_TCI_123",43,16,59
"Streptococcus_mutans_TCI_125",44,15,59
"Streptococcus_mutans_TCI_138",43,14,57
"Streptococcus_mutans_TCI_145",43,14,57
"Streptococcus_mutans_TCI_152",43,16,59
"Streptococcus_mutans_TCI_153",43,13,56
"Streptococcus_mutans_TCI_163",44,15,59
"Streptococcus_mutans_TCI_169",44,13,57
"Streptococcus_mutans_TCI_173",44,15,59
"Streptococcus_mutans_TCI_177",43,14,57
"Streptococcus_mutans_TCI_191",43,14,57
"Streptococcus_mutans_TCI_196",43,14,57
"Streptococcus_mutans_TCI_219",43,14,57
"Streptococcus_mutans_TCI_222",44,15,59
"Streptococcus_mutans_TCI_228",43,14,57
"Streptococcus_mutans_TCI_234",43,14,57
"Streptococcus_mutans_TCI_239",44,15,59
"Streptococcus_mutans_TCI_242",43,13,56
"Streptococcus_mutans_TCI_243",43,13,56
"Streptococcus_mutans_TCI_249",43,14,57
"Streptococcus_mutans_TCI_256",43,15,58
"Streptococcus_mutans_TCI_268",43,14,57
"Streptococcus_mutans_TCI_278",43,14,57
"Streptococcus_mutans_TCI_294",43,15,58
"Streptococcus_mutans_TCI_30",43,14,57
"Streptococcus_mutans_TCI_399",43,14,57
"Streptococcus_mutans_TCI_400",44,15,59
"Streptococcus_mutans_TCI_51",43,13,56
"Streptococcus_mutans_TCI_70",43,14,57
"Streptococcus_mutans_TCI_75",44,15,59
"Streptococcus_mutans_TCI_78",43,15,58
"Streptococcus_mutans_TCI_82",43,14,57
"Streptococcus_mutans_TCI_85",43,13,56
"Streptococcus_mutans_TCI_86",44,15,59
"Streptococcus_mutans_TCI_92",45,15,60
"Streptococcus_mutans_TCI_96",44,15,59
"Streptococcus_mutans_U138",44,14,58
"Streptococcus_mutans_U2A",47,15,62
"Streptococcus_mutans_U2B",43,13,56
"Streptococcus_mutans_UA159",44,15,59
"Streptococcus_mutans_W6",44,15,59
"Streptococcus_oralis_ATCC_35037",42,11,53
"Streptococcus_oralis_ERR2221353",43,10,53
"Streptococcus_oralis_SK10",46,12,58
"Streptococcus_oralis_SK100",41,15,56
"Streptococcus_oralis_SK1074",46,11,57
"Streptococcus_oralis_SK255",44,9,53
"Streptococcus_oralis_SK304",44,11,55
"Streptococcus_oralis_SK313",42,10,52
"Streptococcus_oralis_SK610",43,10,53
"Streptococcus_oralis_Uo5",50,12,62
"Streptococcus_oralis_subsp_tigurinus_1366",47,9,56
"Streptococcus_oralis_subsp_tigurinus_2425",47,9,56
"Streptococcus_oralis_subsp_tigurinus_UC5873_TZ95",43,9,52
"Streptococcus_parasanguinis_ATCC_15912",45,13,58
"Streptococcus_parasanguinis_ATCC_903",49,14,63
"Streptococcus_parasanguinis_ERR2221175",49,12,61
"Streptococcus_parasanguinis_ERR2221190",46,12,58
"Streptococcus_parasanguinis_F0405",47,15,62
"Streptococcus_parasanguinis_FW213",44,16,60
"Streptococcus_parasanguinis_SK236",45,16,61
"Streptococcus_salivarius_57_I",46,13,59
"Streptococcus_salivarius_DSM_20560",42,11,53
"Streptococcus_salivarius_ERR2221359",50,12,62
"Streptococcus_salivarius_JIM8777",49,11,60
"Streptococcus_salivarius_K12",48,16,64
"Streptococcus_salivarius_M18",46,16,62
"Streptococcus_salivarius_PS4",45,16,61
"Streptococcus_salivarius_SK126",46,16,62
"Streptococcus_sanguinis_ATCC_29667",47,18,65
"Streptococcus_sanguinis_ATCC_49296",45,11,56
"Streptococcus_sanguinis_SK1",48,18,66
"Streptococcus_sanguinis_SK1056",49,17,66
"Streptococcus_sanguinis_SK1057",48,18,66
"Streptococcus_sanguinis_SK1058",48,18,66
"Streptococcus_sanguinis_SK1059",47,18,65
"Streptococcus_sanguinis_SK1087",48,18,66
"Streptococcus_sanguinis_SK115",52,18,70
"Streptococcus_sanguinis_SK150",47,17,64
"Streptococcus_sanguinis_SK160",47,18,65
"Streptococcus_sanguinis_SK330",48,17,65
"Streptococcus_sanguinis_SK340",46,18,64
"Streptococcus_sanguinis_SK353",51,18,69
"Streptococcus_sanguinis_SK355",50,18,68
"Streptococcus_sanguinis_SK36",51,15,66
"Streptococcus_sanguinis_SK405",51,18,69
"Streptococcus_sanguinis_SK408",48,17,65
"Streptococcus_sanguinis_SK49",46,16,62
"Streptococcus_sanguinis_SK678",48,18,66
"Streptococcus_sanguinis_SK72",48,17,65
"Streptococcus_sanguinis_VMC66",48,15,63
"Streptococcus_thermophilus_CNRZ1066",45,13,58
"Streptococcus_thermophilus_JIM_8232",43,13,56
"Streptococcus_thermophilus_LMD_9",45,14,59
"Streptococcus_thermophilus_LMG_18311",38,15,53
"Streptococcus_thermophilus_MN_ZLW_002",43,14,57
"Streptococcus_thermophilus_ND03",45,13,58
"Streptococcus_vestibularis_ATCC_49124",46,12,58
"Streptococcus_vestibularis_F0396",50,13,63
"Subdoligranulum_variabile_DSM_15176",43,10,53
"Succiniclasticum_ruminis_DSM_11005",45,10,55
"Succiniclasticum_ruminis_DSM_9236",45,8,53
"Succinivibrio_dextrinosolvens_H5",42,10,52
"Sutterella_parvirubra_YIT_11816",50,11,61
"Sutterella_wadsworthensis_2_1_59BFAA",46,12,58
"Sutterella_wadsworthensis_3_1_45B",39,12,51
"Sutterella_wadsworthensis_ERR1203961",47,7,54
"Sutterella_wadsworthensis_ERR1204055",47,9,56
"Sutterella_wadsworthensis_HGA0223",45,14,59
"Terrisporobacter_glycolicus_ERR2221120",47,14,61
"Turicibacter_sanguinis_ERR1022280",50,13,63
"Turicibacter_sanguinis_ERR1022323",42,15,57
"Turicibacter_sanguinis_ERR1022367",42,15,57
"Turicibacter_sanguinis_ERR1022463",42,14,56
"Turicibacter_sanguinis_ERR2221386",49,13,62
"Turicibacter_sanguinis_ERR2230131",50,13,63
"Varibaculum_cambriense_DNF00696",48,11,59
"Varibaculum_cambriense_DSM_15806",46,12,58
"Veillonella_atypica_ACS_049_V_Sch6",52,17,69
"Veillonella_atypica_ACS_134_V_Col7a",46,18,64
"Veillonella_atypica_KON",43,18,61
"Veillonella_dispar_ATCC_17748",50,15,65
"Veillonella_parvula_ACS_068_V_Sch12",40,16,56
"Veillonella_parvula_ATCC_17745",43,14,57
"Veillonella_parvula_Te3_DSM_2008",48,12,60
"Veillonella_ratti_ACS_216_V_Col6b",57,12,69
"Victivallis_vadensis_DSM_14823",48,10,58
"Victivallis_vadensis_MGYG_HGUT_02473",48,11,59
"Weissella_cibaria_KACC_11862",51,13,64
"Weissella_confusa_LBAE_C39_2",52,12,64
